txn_id,timestamp,stage,status,failure_reason,partner,latency_ms,amount,date
TX00001,07/05/25 8:57,initiation,success,,PartnerB,311,74.63,07/05/25
TX00002,20/05/25 1:12,processing,failure,API,PartnerB,1117,87.49,20/05/25
TX00003,10/06/25 9:35,settled,retry,,PartnerC,1091,363.56,10/06/25
TX00004,04/07/25 19:31,settled,retry,network,PartnerC,1022,156.71,04/07/25
TX00005,07/06/25 1:16,initiation,delay,customer,PartnerC,1360,122.13,07/06/25
TX00006,20/05/25 15:45,initiation,retry,network,PartnerA,1057,167.76,20/05/25
TX00007,18/04/25 21:33,processing,failure,customer,PartnerB,685,261.25,18/04/25
TX00008,05/05/25 3:10,processing,success,,PartnerA,484,223.53,05/05/25
TX00009,06/05/25 18:08,processing,retry,API,PartnerA,915,79.6,06/05/25
TX00010,23/05/25 7:17,processing,retry,customer,PartnerB,841,104.89,23/05/25
TX00011,17/05/25 21:40,processing,success,,PartnerA,449,349.23,17/05/25
TX00012,19/06/25 1:48,initiation,retry,timeout,PartnerA,1191,80.32,19/06/25
TX00013,17/04/25 2:30,settled,success,,PartnerB,210,486.04,17/04/25
TX00014,21/05/25 20:01,settled,retry,customer,PartnerB,1231,115.94,21/05/25
TX00015,10/07/25 20:47,initiation,delay,network,PartnerA,1756,92.34,10/07/25
TX00016,04/05/25 5:27,settled,delay,API,PartnerC,1297,96.41,04/05/25
TX00017,07/07/25 7:27,initiation,retry,API,PartnerB,1085,422.87,07/07/25
TX00018,30/06/25 14:45,initiation,success,,PartnerC,393,257.77,30/06/25
TX00019,05/06/25 9:21,settled,retry,network,PartnerA,962,102.11,05/06/25
TX00020,20/06/25 12:17,initiation,success,,PartnerA,430,147.36,20/06/25
TX00021,01/06/25 6:05,initiation,success,,PartnerB,233,118.44,01/06/25
TX00022,14/07/25 1:30,initiation,failure,timeout,PartnerB,1009,430.1,14/07/25
TX00023,11/06/25 21:45,settled,delay,customer,PartnerB,1477,300.42,11/06/25
TX00024,27/05/25 8:42,processing,delay,timeout,PartnerC,1918,245.9,27/05/25
TX00025,26/05/25 22:07,initiation,success,,PartnerC,519,69.52,26/05/25
TX00026,24/06/25 6:32,settled,success,,PartnerB,404,185.92,24/06/25
TX00027,03/07/25 19:06,processing,delay,,PartnerC,1948,195.35,03/07/25
TX00028,21/04/25 5:16,initiation,failure,customer,PartnerA,925,415.78,21/04/25
TX00029,26/05/25 22:54,processing,failure,customer,PartnerA,772,462.89,26/05/25
TX00030,04/05/25 21:16,initiation,success,,PartnerC,531,229.17,04/05/25
TX00031,10/05/25 10:17,settled,success,,PartnerC,362,499.99,10/05/25
TX00032,28/05/25 11:28,initiation,failure,API,PartnerC,1173,367.2,28/05/25
TX00033,14/06/25 16:55,processing,delay,network,PartnerB,1579,283.08,14/06/25
TX00034,12/05/25 12:03,settled,retry,,PartnerB,1224,257.99,12/05/25
TX00035,25/05/25 13:47,initiation,failure,network,PartnerA,1116,331.99,25/05/25
TX00036,10/07/25 15:44,processing,retry,,PartnerC,1349,207.06,10/07/25
TX00037,30/04/25 21:48,initiation,delay,,PartnerB,1878,170.29,30/04/25
TX00038,26/06/25 17:56,processing,delay,,PartnerC,1855,274.05,26/06/25
TX00039,07/07/25 3:42,settled,retry,,PartnerA,1488,237.51,07/07/25
TX00040,21/04/25 14:49,settled,retry,customer,PartnerC,975,111.51,21/04/25
TX00041,03/05/25 3:44,settled,delay,API,PartnerC,1676,247.96,03/05/25
TX00042,02/07/25 4:15,processing,failure,,PartnerC,585,27,02/07/25
TX00043,24/04/25 23:38,initiation,failure,network,PartnerC,602,318.77,24/04/25
TX00044,13/06/25 18:14,processing,failure,API,PartnerA,754,334.88,13/06/25
TX00045,28/04/25 2:50,settled,success,,PartnerC,597,133.57,28/04/25
TX00046,12/07/25 17:41,processing,retry,,PartnerA,1061,197.99,12/07/25
TX00047,05/07/25 22:51,initiation,failure,API,PartnerB,703,478.33,05/07/25
TX00048,14/07/25 19:16,initiation,success,,PartnerC,245,430.27,14/07/25
TX00049,18/06/25 14:13,processing,failure,,PartnerB,591,236.33,18/06/25
TX00050,24/05/25 6:06,initiation,failure,customer,PartnerA,834,499.41,24/05/25
TX00051,08/06/25 16:06,processing,failure,customer,PartnerC,916,349.99,08/06/25
TX00052,17/04/25 18:29,settled,delay,customer,PartnerA,1786,145.59,17/04/25
TX00053,28/04/25 20:42,settled,retry,customer,PartnerB,824,233.53,28/04/25
TX00054,09/06/25 8:46,initiation,success,,PartnerB,483,482.06,09/06/25
TX00055,03/07/25 8:13,processing,success,,PartnerA,499,258.95,03/07/25
TX00056,12/07/25 2:45,initiation,retry,customer,PartnerB,1300,111.22,12/07/25
TX00057,27/05/25 21:38,processing,delay,timeout,PartnerB,1288,493.37,27/05/25
TX00058,04/06/25 20:12,processing,retry,,PartnerC,1314,183.13,04/06/25
TX00059,05/07/25 13:39,settled,success,,PartnerC,401,487.58,05/07/25
TX00060,20/05/25 15:02,processing,failure,customer,PartnerB,1041,22.97,20/05/25
TX00061,19/05/25 4:23,initiation,retry,customer,PartnerA,1226,378.64,19/05/25
TX00062,03/07/25 0:15,processing,retry,customer,PartnerB,1361,229.51,03/07/25
TX00063,11/05/25 1:59,initiation,delay,timeout,PartnerB,1528,208.16,11/05/25
TX00064,20/06/25 19:10,processing,success,,PartnerC,433,484.62,20/06/25
TX00065,03/06/25 13:53,settled,delay,network,PartnerC,1755,280.94,03/06/25
TX00066,10/05/25 12:16,settled,delay,,PartnerB,1880,480.27,10/05/25
TX00067,28/06/25 23:05,processing,failure,API,PartnerA,546,111.04,28/06/25
TX00068,24/06/25 15:11,processing,failure,API,PartnerC,727,458.19,24/06/25
TX00069,24/05/25 17:47,initiation,retry,API,PartnerB,1244,348.78,24/05/25
TX00070,31/05/25 4:37,processing,success,,PartnerB,368,206.86,31/05/25
TX00071,05/05/25 5:11,processing,success,,PartnerB,440,339.21,05/05/25
TX00072,24/04/25 16:40,settled,retry,customer,PartnerC,807,189.16,24/04/25
TX00073,06/07/25 6:12,settled,delay,API,PartnerA,1983,72.18,06/07/25
TX00074,22/06/25 21:48,processing,delay,timeout,PartnerB,1669,184.87,22/06/25
TX00075,02/06/25 9:09,initiation,retry,API,PartnerC,1391,291.71,02/06/25
TX00076,01/06/25 0:38,settled,delay,API,PartnerB,1323,425.81,01/06/25
TX00077,15/06/25 17:42,initiation,delay,network,PartnerB,1478,341.73,15/06/25
TX00078,25/06/25 0:51,processing,success,,PartnerB,495,143.4,25/06/25
TX00079,21/05/25 2:10,initiation,retry,,PartnerB,1292,282.61,21/05/25
TX00080,10/06/25 18:31,initiation,success,,PartnerA,290,253.49,10/06/25
TX00081,17/04/25 22:51,initiation,success,,PartnerC,405,135,17/04/25
TX00082,02/05/25 9:38,processing,delay,network,PartnerC,1951,254.46,02/05/25
TX00083,01/06/25 2:04,initiation,retry,API,PartnerA,1038,21.52,01/06/25
TX00084,20/04/25 2:15,initiation,delay,timeout,PartnerA,1936,180.77,20/04/25
TX00085,15/05/25 22:27,processing,success,,PartnerC,455,381.34,15/05/25
TX00086,21/04/25 0:08,settled,success,,PartnerA,580,21.17,21/04/25
TX00087,17/06/25 0:42,processing,failure,customer,PartnerC,1158,369.06,17/06/25
TX00088,02/07/25 16:57,processing,failure,network,PartnerC,692,413.14,02/07/25
TX00089,26/04/25 13:04,initiation,failure,timeout,PartnerB,796,81.96,26/04/25
TX00090,04/06/25 11:29,processing,retry,API,PartnerC,1050,220.1,04/06/25
TX00091,24/06/25 23:03,initiation,retry,customer,PartnerA,1408,397.49,24/06/25
TX00092,09/05/25 19:08,settled,success,,PartnerA,104,272.75,09/05/25
TX00093,15/05/25 1:10,initiation,delay,API,PartnerB,1581,12.97,15/05/25
TX00094,20/05/25 16:04,initiation,delay,,PartnerB,1995,475.93,20/05/25
TX00095,02/05/25 22:57,settled,success,,PartnerA,164,65.94,02/05/25
TX00096,11/05/25 5:26,initiation,retry,timeout,PartnerC,919,141.8,11/05/25
TX00097,08/06/25 14:47,processing,delay,timeout,PartnerC,1309,448.37,08/06/25
TX00098,12/07/25 15:35,initiation,delay,,PartnerA,1754,137.99,12/07/25
TX00099,23/05/25 14:47,settled,delay,,PartnerA,1532,76.46,23/05/25
TX00100,08/07/25 18:27,settled,success,,PartnerB,215,413.6,08/07/25
TX00101,25/04/25 13:12,initiation,failure,timeout,PartnerB,750,316.06,25/04/25
TX00102,14/05/25 22:16,initiation,success,,PartnerA,553,177.72,14/05/25
TX00103,14/07/25 12:29,processing,success,,PartnerC,134,110.07,14/07/25
TX00104,14/07/25 10:10,initiation,success,,PartnerA,391,491.31,14/07/25
TX00105,07/05/25 7:08,processing,retry,timeout,PartnerB,1456,55.44,07/05/25
TX00106,10/07/25 4:14,processing,failure,customer,PartnerB,926,383.81,10/07/25
TX00107,11/07/25 7:07,processing,retry,network,PartnerB,1482,14.16,11/07/25
TX00108,03/05/25 12:21,initiation,retry,timeout,PartnerB,1488,264.71,03/05/25
TX00109,29/05/25 22:46,settled,success,,PartnerB,309,58.55,29/05/25
TX00110,01/07/25 4:17,processing,failure,,PartnerC,554,51.82,01/07/25
TX00111,16/05/25 21:23,processing,success,,PartnerB,395,138.58,16/05/25
TX00112,24/05/25 1:19,processing,delay,customer,PartnerC,1418,343.02,24/05/25
TX00113,07/06/25 8:57,processing,failure,customer,PartnerC,657,433.98,07/06/25
TX00114,04/07/25 6:34,processing,delay,timeout,PartnerB,1304,147.56,04/07/25
TX00115,20/05/25 8:16,settled,retry,customer,PartnerA,921,441.83,20/05/25
TX00116,10/06/25 7:03,initiation,delay,,PartnerA,1905,66.65,10/06/25
TX00117,20/06/25 14:32,processing,failure,network,PartnerB,939,122.49,20/06/25
TX00118,19/05/25 5:44,processing,delay,timeout,PartnerB,1677,80.44,19/05/25
TX00119,25/04/25 22:37,initiation,delay,network,PartnerA,1348,216.59,25/04/25
TX00120,19/04/25 0:31,settled,retry,,PartnerA,1075,418.05,19/04/25
TX00121,16/06/25 14:23,initiation,delay,network,PartnerB,1837,427.2,16/06/25
TX00122,27/06/25 15:46,processing,failure,customer,PartnerB,1124,364.58,27/06/25
TX00123,14/05/25 9:52,processing,failure,timeout,PartnerA,884,198.6,14/05/25
TX00124,01/07/25 15:05,settled,success,,PartnerC,303,454.49,01/07/25
TX00125,21/04/25 0:49,initiation,delay,API,PartnerB,1281,67.1,21/04/25
TX00126,26/06/25 4:27,initiation,success,,PartnerB,358,352.42,26/06/25
TX00127,19/05/25 10:09,settled,success,,PartnerA,343,283.99,19/05/25
TX00128,10/06/25 13:13,processing,success,,PartnerC,263,325.36,10/06/25
TX00129,05/07/25 10:28,settled,success,,PartnerB,209,163.38,05/07/25
TX00130,08/07/25 4:07,processing,failure,network,PartnerA,783,178.97,08/07/25
TX00131,26/04/25 6:56,processing,failure,network,PartnerC,621,78.68,26/04/25
TX00132,22/06/25 9:45,settled,success,,PartnerC,525,60.83,22/06/25
TX00133,17/04/25 21:15,initiation,delay,customer,PartnerA,1573,394.24,17/04/25
TX00134,22/04/25 15:13,settled,success,,PartnerB,159,47.41,22/04/25
TX00135,31/05/25 6:31,processing,retry,API,PartnerB,950,198.04,31/05/25
TX00136,23/05/25 7:55,initiation,delay,API,PartnerC,1851,370.11,23/05/25
TX00137,15/05/25 21:20,initiation,failure,,PartnerB,622,337.06,15/05/25
TX00138,19/05/25 22:27,processing,failure,customer,PartnerA,1012,26.3,19/05/25
TX00139,15/06/25 19:46,processing,delay,network,PartnerB,1668,233.78,15/06/25
TX00140,26/06/25 7:18,settled,retry,network,PartnerA,1069,345.95,26/06/25
TX00141,08/07/25 17:35,initiation,retry,timeout,PartnerA,952,81.44,08/07/25
TX00142,20/05/25 10:26,initiation,failure,timeout,PartnerA,825,31.81,20/05/25
TX00143,19/04/25 5:28,processing,success,,PartnerA,332,357.19,19/04/25
TX00144,22/04/25 12:08,processing,failure,network,PartnerB,1187,284.86,22/04/25
TX00145,03/06/25 21:48,initiation,success,,PartnerB,142,367.38,03/06/25
TX00146,12/07/25 20:08,processing,delay,customer,PartnerB,1896,185.51,12/07/25
TX00147,18/06/25 18:35,initiation,failure,timeout,PartnerB,1166,101.44,18/06/25
TX00148,07/05/25 8:52,processing,success,,PartnerC,290,212.91,07/05/25
TX00149,08/07/25 13:50,initiation,success,,PartnerB,216,37.34,08/07/25
TX00150,02/06/25 15:20,processing,retry,network,PartnerA,888,343.65,02/06/25
TX00151,28/05/25 3:07,settled,delay,customer,PartnerB,1383,197.79,28/05/25
TX00152,27/06/25 8:21,settled,delay,,PartnerA,1487,62.02,27/06/25
TX00153,21/05/25 7:34,processing,failure,network,PartnerB,596,262.74,21/05/25
TX00154,16/05/25 3:21,processing,success,,PartnerC,373,147.6,16/05/25
TX00155,06/07/25 18:41,initiation,success,,PartnerA,348,338.25,06/07/25
TX00156,19/05/25 19:09,initiation,success,,PartnerA,331,149.13,19/05/25
TX00157,09/06/25 18:46,processing,success,,PartnerC,417,371.21,09/06/25
TX00158,23/05/25 20:25,processing,delay,network,PartnerA,1786,478.76,23/05/25
TX00159,06/07/25 11:54,processing,success,,PartnerB,383,228.78,06/07/25
TX00160,03/05/25 14:34,processing,failure,,PartnerB,702,65.15,03/05/25
TX00161,13/07/25 23:19,processing,delay,customer,PartnerA,1264,456.43,13/07/25
TX00162,17/05/25 4:18,initiation,delay,customer,PartnerB,1681,76.89,17/05/25
TX00163,20/05/25 23:59,settled,delay,network,PartnerB,1598,499.97,20/05/25
TX00164,12/07/25 6:23,processing,success,,PartnerA,248,144.46,12/07/25
TX00165,29/06/25 12:56,processing,success,,PartnerA,596,225.2,29/06/25
TX00166,22/04/25 3:19,processing,failure,API,PartnerB,509,80.76,22/04/25
TX00167,02/05/25 9:12,initiation,success,,PartnerB,184,29.74,02/05/25
TX00168,24/04/25 8:13,processing,retry,API,PartnerA,1311,480.47,24/04/25
TX00169,04/05/25 14:34,settled,success,,PartnerA,213,159.55,04/05/25
TX00170,28/06/25 7:35,settled,success,,PartnerA,286,398.19,28/06/25
TX00171,02/05/25 17:02,settled,retry,,PartnerC,1067,74.06,02/05/25
TX00172,16/06/25 19:13,processing,success,,PartnerB,393,42.05,16/06/25
TX00173,13/07/25 5:18,initiation,delay,network,PartnerC,1304,330.92,13/07/25
TX00174,20/04/25 12:41,processing,success,,PartnerC,267,21.53,20/04/25
TX00175,24/05/25 2:19,processing,success,,PartnerA,535,277.65,24/05/25
TX00176,10/05/25 2:21,initiation,failure,timeout,PartnerA,1021,104.41,10/05/25
TX00177,12/05/25 18:47,processing,failure,,PartnerB,889,45.76,12/05/25
TX00178,14/06/25 4:30,processing,failure,,PartnerA,1019,437.46,14/06/25
TX00179,05/05/25 3:57,settled,success,,PartnerB,450,282.66,05/05/25
TX00180,24/05/25 5:03,processing,retry,timeout,PartnerA,1221,276.55,24/05/25
TX00181,09/07/25 21:44,processing,delay,customer,PartnerA,1998,365.99,09/07/25
TX00182,23/05/25 11:41,settled,success,,PartnerC,515,40.81,23/05/25
TX00183,05/07/25 2:55,processing,failure,network,PartnerC,631,368.29,05/07/25
TX00184,07/05/25 6:03,settled,success,,PartnerC,555,446.2,07/05/25
TX00185,11/05/25 14:36,processing,delay,customer,PartnerB,1339,448.04,11/05/25
TX00186,08/07/25 9:13,settled,success,,PartnerC,360,251.48,08/07/25
TX00187,28/06/25 13:09,processing,failure,network,PartnerB,748,133.73,28/06/25
TX00188,13/05/25 2:58,initiation,failure,customer,PartnerB,700,98.63,13/05/25
TX00189,09/05/25 17:40,processing,failure,customer,PartnerB,834,199.88,09/05/25
TX00190,13/06/25 7:10,processing,failure,customer,PartnerA,905,267.22,13/06/25
TX00191,17/05/25 5:08,initiation,success,,PartnerB,140,109.34,17/05/25
TX00192,10/07/25 17:17,settled,retry,customer,PartnerC,1395,281.46,10/07/25
TX00193,07/05/25 7:04,initiation,retry,network,PartnerC,1483,80.75,07/05/25
TX00194,18/04/25 12:24,processing,failure,,PartnerB,796,109.06,18/04/25
TX00195,22/05/25 20:48,settled,success,,PartnerC,443,434.92,22/05/25
TX00196,14/07/25 18:36,initiation,failure,,PartnerC,909,84.06,14/07/25
TX00197,11/07/25 11:19,processing,retry,network,PartnerA,1500,387.04,11/07/25
TX00198,23/04/25 14:07,processing,failure,timeout,PartnerB,889,495.51,23/04/25
TX00199,26/06/25 17:24,processing,delay,timeout,PartnerA,1864,314.88,26/06/25
TX00200,15/05/25 16:16,initiation,delay,,PartnerA,1918,124.25,15/05/25
TX00201,01/06/25 15:50,processing,retry,customer,PartnerA,1409,377.14,01/06/25
TX00202,03/07/25 12:06,processing,retry,customer,PartnerB,1054,463.7,03/07/25
TX00203,15/04/25 0:46,processing,retry,API,PartnerC,943,329.33,15/04/25
TX00204,26/04/25 10:43,processing,failure,,PartnerA,1010,155.69,26/04/25
TX00205,18/04/25 21:58,initiation,delay,customer,PartnerC,1391,183.12,18/04/25
TX00206,06/07/25 19:50,initiation,delay,API,PartnerA,1468,441.84,06/07/25
TX00207,03/05/25 17:31,initiation,retry,customer,PartnerB,822,266.37,03/05/25
TX00208,07/07/25 23:09,settled,retry,timeout,PartnerA,928,298.76,07/07/25
TX00209,11/05/25 12:11,processing,failure,,PartnerC,695,383.6,11/05/25
TX00210,17/04/25 15:47,initiation,failure,network,PartnerC,1075,427.87,17/04/25
TX00211,21/06/25 22:49,initiation,failure,,PartnerC,598,74.69,21/06/25
TX00212,10/07/25 8:14,processing,success,,PartnerA,153,491.43,10/07/25
TX00213,10/05/25 3:17,processing,failure,timeout,PartnerA,1183,214.8,10/05/25
TX00214,01/05/25 18:43,processing,failure,,PartnerA,818,173.28,01/05/25
TX00215,29/06/25 15:11,processing,failure,API,PartnerA,1031,491.54,29/06/25
TX00216,01/05/25 0:01,initiation,delay,,PartnerA,1520,482.69,01/05/25
TX00217,25/04/25 16:31,processing,failure,network,PartnerC,878,315.51,25/04/25
TX00218,04/07/25 3:14,initiation,delay,timeout,PartnerA,1930,229.61,04/07/25
TX00219,17/06/25 20:23,settled,success,,PartnerA,595,142.41,17/06/25
TX00220,29/06/25 17:24,processing,failure,timeout,PartnerA,728,175.12,29/06/25
TX00221,13/05/25 13:17,initiation,success,,PartnerB,230,495.92,13/05/25
TX00222,16/06/25 2:27,settled,delay,API,PartnerA,1670,81.09,16/06/25
TX00223,24/04/25 19:16,settled,retry,timeout,PartnerB,1350,264.41,24/04/25
TX00224,14/05/25 4:52,initiation,failure,API,PartnerB,776,487.22,14/05/25
TX00225,19/05/25 12:31,settled,success,,PartnerA,448,233.88,19/05/25
TX00226,28/04/25 14:44,settled,retry,timeout,PartnerA,1273,149.28,28/04/25
TX00227,01/06/25 22:35,initiation,failure,API,PartnerC,1020,358.61,01/06/25
TX00228,25/05/25 16:04,initiation,success,,PartnerA,229,466.57,25/05/25
TX00229,29/04/25 19:56,initiation,failure,timeout,PartnerA,1192,426.25,29/04/25
TX00230,26/04/25 9:46,settled,delay,network,PartnerB,1975,265.53,26/04/25
TX00231,01/05/25 5:13,initiation,delay,API,PartnerB,1696,341.84,01/05/25
TX00232,27/05/25 17:27,processing,failure,network,PartnerB,781,426.35,27/05/25
TX00233,12/05/25 6:50,settled,retry,customer,PartnerC,1469,353.04,12/05/25
TX00234,25/06/25 0:11,settled,retry,timeout,PartnerC,1098,104.41,25/06/25
TX00235,15/06/25 1:48,settled,delay,API,PartnerA,1723,73.79,15/06/25
TX00236,27/04/25 5:38,initiation,retry,API,PartnerB,1070,197.66,27/04/25
TX00237,24/05/25 21:14,settled,retry,timeout,PartnerB,1286,431.24,24/05/25
TX00238,23/05/25 17:59,settled,success,,PartnerA,191,332.22,23/05/25
TX00239,20/04/25 17:45,processing,retry,,PartnerA,1471,283.66,20/04/25
TX00240,30/04/25 23:02,settled,retry,customer,PartnerA,1113,329.3,30/04/25
TX00241,11/05/25 4:23,processing,retry,timeout,PartnerC,1303,23.31,11/05/25
TX00242,08/05/25 20:18,processing,retry,network,PartnerC,1313,88.39,08/05/25
TX00243,24/06/25 1:49,initiation,success,,PartnerA,403,484.71,24/06/25
TX00244,02/05/25 1:47,initiation,retry,,PartnerA,1063,497.86,02/05/25
TX00245,20/04/25 0:40,processing,failure,timeout,PartnerA,1191,321.96,20/04/25
TX00246,26/05/25 8:20,processing,success,,PartnerB,274,426.29,26/05/25
TX00247,18/04/25 8:52,processing,failure,timeout,PartnerB,654,368.05,18/04/25
TX00248,14/04/25 21:33,settled,success,,PartnerC,421,415.25,14/04/25
TX00249,24/06/25 14:05,processing,success,,PartnerC,371,348.91,24/06/25
TX00250,25/05/25 23:27,processing,delay,API,PartnerB,1662,239.83,25/05/25
TX00251,12/07/25 1:13,initiation,success,,PartnerA,119,430.56,12/07/25
TX00252,22/06/25 12:40,processing,failure,API,PartnerA,504,285.7,22/06/25
TX00253,06/06/25 21:23,processing,failure,timeout,PartnerA,547,117.73,06/06/25
TX00254,19/06/25 11:07,processing,failure,customer,PartnerC,747,497.34,19/06/25
TX00255,27/06/25 23:51,initiation,retry,API,PartnerB,1398,405.97,27/06/25
TX00256,21/05/25 21:44,settled,retry,network,PartnerA,1042,260.47,21/05/25
TX00257,28/04/25 20:09,processing,failure,API,PartnerA,1141,215.02,28/04/25
TX00258,26/05/25 1:35,initiation,delay,timeout,PartnerC,1411,482.92,26/05/25
TX00259,17/06/25 16:54,settled,success,,PartnerA,175,39.17,17/06/25
TX00260,25/06/25 16:45,settled,delay,network,PartnerC,1828,82.93,25/06/25
TX00261,13/06/25 1:43,processing,retry,timeout,PartnerC,1244,390.22,13/06/25
TX00262,11/07/25 21:19,initiation,failure,network,PartnerA,1008,294.14,11/07/25
TX00263,16/05/25 21:53,settled,retry,,PartnerA,951,222.48,16/05/25
TX00264,20/04/25 22:07,initiation,delay,,PartnerB,1829,236.67,20/04/25
TX00265,07/06/25 18:18,settled,success,,PartnerA,570,45.76,07/06/25
TX00266,04/07/25 3:21,initiation,success,,PartnerA,464,210.76,04/07/25
TX00267,10/05/25 11:19,settled,success,,PartnerA,399,304.29,10/05/25
TX00268,18/05/25 2:59,settled,delay,customer,PartnerC,1385,415.46,18/05/25
TX00269,13/05/25 15:51,initiation,retry,network,PartnerC,1425,296.03,13/05/25
TX00270,06/07/25 10:50,settled,delay,,PartnerA,1769,112.84,06/07/25
TX00271,15/05/25 2:59,settled,retry,API,PartnerB,1484,341.77,15/05/25
TX00272,10/05/25 3:55,processing,success,,PartnerA,298,488.53,10/05/25
TX00273,19/06/25 6:35,processing,failure,,PartnerA,975,288.19,19/06/25
TX00274,30/06/25 8:59,processing,failure,customer,PartnerB,1065,360.51,30/06/25
TX00275,02/05/25 14:07,processing,retry,API,PartnerB,1500,372.63,02/05/25
TX00276,08/06/25 0:12,initiation,success,,PartnerC,224,329.08,08/06/25
TX00277,05/05/25 9:59,processing,failure,network,PartnerC,1007,212.5,05/05/25
TX00278,30/06/25 13:23,processing,retry,network,PartnerA,802,476.99,30/06/25
TX00279,24/05/25 20:28,initiation,success,,PartnerC,243,71.91,24/05/25
TX00280,30/06/25 3:47,processing,failure,network,PartnerA,942,198.16,30/06/25
TX00281,11/07/25 18:27,processing,success,,PartnerA,322,236.28,11/07/25
TX00282,15/04/25 3:52,settled,delay,network,PartnerB,1568,301.72,15/04/25
TX00283,10/06/25 17:55,initiation,retry,customer,PartnerA,1405,27.62,10/06/25
TX00284,28/05/25 1:06,initiation,delay,network,PartnerB,1739,232.45,28/05/25
TX00285,13/05/25 16:01,processing,failure,network,PartnerB,818,227.46,13/05/25
TX00286,02/05/25 14:09,settled,delay,,PartnerC,1410,499.84,02/05/25
TX00287,08/05/25 0:15,initiation,failure,timeout,PartnerB,1010,345.1,08/05/25
TX00288,26/05/25 5:03,initiation,delay,,PartnerA,1578,341.54,26/05/25
TX00289,12/06/25 5:36,initiation,success,,PartnerB,539,147.23,12/06/25
TX00290,13/05/25 23:18,processing,failure,network,PartnerA,894,322.81,13/05/25
TX00291,04/06/25 15:57,initiation,failure,,PartnerC,821,294.55,04/06/25
TX00292,22/06/25 2:49,settled,success,,PartnerA,249,48.63,22/06/25
TX00293,15/04/25 8:40,initiation,success,,PartnerB,451,492.39,15/04/25
TX00294,10/05/25 17:59,initiation,delay,timeout,PartnerC,1242,212.11,10/05/25
TX00295,26/05/25 19:07,initiation,failure,,PartnerC,1033,188.8,26/05/25
TX00296,04/06/25 5:44,processing,retry,network,PartnerA,1270,139.46,04/06/25
TX00297,19/04/25 1:12,settled,delay,API,PartnerB,1396,230.06,19/04/25
TX00298,11/05/25 5:09,settled,retry,,PartnerB,1210,452.69,11/05/25
TX00299,22/05/25 1:27,processing,failure,network,PartnerA,1059,332.85,22/05/25
TX00300,21/05/25 7:44,processing,delay,API,PartnerC,1678,189.94,21/05/25
TX00301,20/04/25 1:18,settled,success,,PartnerB,135,437.27,20/04/25
TX00302,16/06/25 21:06,initiation,retry,API,PartnerC,1494,31.68,16/06/25
TX00303,07/07/25 10:31,settled,success,,PartnerA,267,249.82,07/07/25
TX00304,31/05/25 16:53,processing,failure,customer,PartnerA,525,106.76,31/05/25
TX00305,30/04/25 10:55,processing,success,,PartnerB,585,375.78,30/04/25
TX00306,06/06/25 17:46,processing,failure,customer,PartnerC,1028,37.46,06/06/25
TX00307,22/06/25 22:06,processing,failure,,PartnerC,541,362.97,22/06/25
TX00308,22/05/25 23:55,settled,retry,timeout,PartnerC,1220,86.1,22/05/25
TX00309,28/04/25 12:45,settled,retry,API,PartnerA,1226,241.96,28/04/25
TX00310,24/05/25 22:58,settled,retry,timeout,PartnerC,1369,106.73,24/05/25
TX00311,03/07/25 2:09,settled,retry,,PartnerA,1309,466.45,03/07/25
TX00312,04/07/25 22:09,processing,retry,timeout,PartnerC,874,308.03,04/07/25
TX00313,26/06/25 2:04,settled,delay,network,PartnerA,1538,463.58,26/06/25
TX00314,08/06/25 21:43,processing,success,,PartnerB,492,102.04,08/06/25
TX00315,14/06/25 21:30,initiation,delay,,PartnerB,1412,149.16,14/06/25
TX00316,15/05/25 10:46,settled,success,,PartnerC,448,348.11,15/05/25
TX00317,22/04/25 17:31,processing,retry,API,PartnerA,1344,376.97,22/04/25
TX00318,21/06/25 11:28,settled,retry,timeout,PartnerC,1476,179.23,21/06/25
TX00319,27/06/25 3:20,initiation,failure,customer,PartnerC,988,447.49,27/06/25
TX00320,16/05/25 3:52,settled,success,,PartnerB,226,109,16/05/25
TX00321,05/06/25 1:39,processing,retry,API,PartnerA,939,63.21,05/06/25
TX00322,07/07/25 13:13,initiation,failure,network,PartnerB,964,65.71,07/07/25
TX00323,04/07/25 1:31,settled,retry,customer,PartnerB,839,301.51,04/07/25
TX00324,27/04/25 15:02,processing,failure,API,PartnerA,796,367.68,27/04/25
TX00325,12/06/25 21:52,processing,retry,API,PartnerC,1447,270.87,12/06/25
TX00326,26/06/25 2:30,processing,failure,network,PartnerB,1020,448.89,26/06/25
TX00327,01/07/25 7:00,settled,success,,PartnerB,176,337.64,01/07/25
TX00328,09/06/25 18:29,settled,retry,API,PartnerC,922,10.52,09/06/25
TX00329,24/05/25 21:40,processing,delay,timeout,PartnerB,1744,63.84,24/05/25
TX00330,06/05/25 5:21,processing,retry,network,PartnerB,885,454.53,06/05/25
TX00331,27/04/25 6:35,settled,delay,customer,PartnerC,1466,192.36,27/04/25
TX00332,04/05/25 19:59,initiation,success,,PartnerC,524,121.79,04/05/25
TX00333,20/06/25 21:02,initiation,success,,PartnerB,300,393.52,20/06/25
TX00334,01/05/25 6:39,processing,failure,network,PartnerB,662,58,01/05/25
TX00335,03/05/25 19:11,settled,delay,API,PartnerB,1958,454.06,03/05/25
TX00336,19/04/25 4:08,settled,success,,PartnerC,494,193.69,19/04/25
TX00337,12/05/25 11:16,processing,retry,timeout,PartnerC,1477,245.85,12/05/25
TX00338,26/04/25 2:21,initiation,retry,API,PartnerB,1173,69.92,26/04/25
TX00339,18/06/25 7:38,initiation,success,,PartnerC,447,148.64,18/06/25
TX00340,10/05/25 15:29,initiation,delay,,PartnerB,1606,444.8,10/05/25
TX00341,27/06/25 13:44,processing,failure,customer,PartnerC,1153,325.27,27/06/25
TX00342,13/06/25 0:07,settled,success,,PartnerC,476,291.99,13/06/25
TX00343,12/05/25 18:32,initiation,failure,API,PartnerA,1011,403.73,12/05/25
TX00344,04/07/25 20:26,initiation,failure,API,PartnerA,1159,429.58,04/07/25
TX00345,13/07/25 8:02,initiation,failure,timeout,PartnerB,1009,262.12,13/07/25
TX00346,03/06/25 23:31,initiation,retry,network,PartnerB,865,476.49,03/06/25
TX00347,30/04/25 19:48,settled,success,,PartnerA,446,74.42,30/04/25
TX00348,06/06/25 23:48,processing,delay,timeout,PartnerB,1713,355.06,06/06/25
TX00349,11/05/25 18:12,initiation,retry,API,PartnerB,1143,269.24,11/05/25
TX00350,19/04/25 7:09,processing,failure,API,PartnerA,875,320.77,19/04/25
TX00351,06/07/25 15:19,settled,success,,PartnerB,178,220.77,06/07/25
TX00352,08/06/25 23:59,processing,failure,timeout,PartnerA,801,411.31,08/06/25
TX00353,03/06/25 3:47,initiation,retry,API,PartnerB,1449,150.61,03/06/25
TX00354,11/05/25 0:49,settled,success,,PartnerA,565,464.98,11/05/25
TX00355,29/04/25 1:14,processing,failure,,PartnerB,675,370.22,29/04/25
TX00356,16/05/25 6:00,processing,success,,PartnerA,369,223.07,16/05/25
TX00357,01/06/25 19:59,initiation,retry,API,PartnerC,1494,210.99,01/06/25
TX00358,07/07/25 21:32,initiation,success,,PartnerA,404,229.6,07/07/25
TX00359,01/06/25 18:37,settled,success,,PartnerA,100,186.79,01/06/25
TX00360,25/04/25 7:01,initiation,retry,customer,PartnerC,922,491.95,25/04/25
TX00361,16/04/25 6:13,processing,failure,,PartnerC,901,478.64,16/04/25
TX00362,28/04/25 7:54,processing,failure,timeout,PartnerA,623,115.6,28/04/25
TX00363,11/05/25 14:31,settled,retry,,PartnerA,1287,400.53,11/05/25
TX00364,13/05/25 9:52,initiation,delay,network,PartnerA,1608,199.54,13/05/25
TX00365,10/07/25 2:15,initiation,failure,API,PartnerC,929,276.55,10/07/25
TX00366,26/05/25 13:08,initiation,retry,customer,PartnerC,894,277.49,26/05/25
TX00367,18/04/25 13:01,processing,failure,API,PartnerB,966,33.62,18/04/25
TX00368,11/07/25 3:37,initiation,delay,API,PartnerA,1959,106.69,11/07/25
TX00369,31/05/25 1:15,initiation,failure,,PartnerC,790,490.95,31/05/25
TX00370,16/05/25 17:42,processing,success,,PartnerC,408,335.29,16/05/25
TX00371,19/04/25 15:18,processing,success,,PartnerA,541,381.81,19/04/25
TX00372,28/04/25 10:24,processing,retry,network,PartnerB,1399,269.33,28/04/25
TX00373,11/07/25 0:54,settled,delay,customer,PartnerA,1823,398.75,11/07/25
TX00374,30/04/25 5:42,initiation,success,,PartnerC,287,31.53,30/04/25
TX00375,30/06/25 14:10,settled,retry,,PartnerA,1406,129.59,30/06/25
TX00376,05/07/25 21:44,initiation,delay,network,PartnerC,1831,285.06,05/07/25
TX00377,22/04/25 9:08,settled,success,,PartnerC,517,215.96,22/04/25
TX00378,07/06/25 6:58,settled,success,,PartnerB,134,120.25,07/06/25
TX00379,10/05/25 3:11,settled,delay,timeout,PartnerB,1860,409.43,10/05/25
TX00380,27/04/25 16:10,processing,failure,network,PartnerC,803,279.47,27/04/25
TX00381,27/05/25 11:15,settled,delay,customer,PartnerA,1361,339.78,27/05/25
TX00382,15/06/25 17:32,initiation,retry,customer,PartnerB,1023,151.63,15/06/25
TX00383,20/04/25 22:02,settled,success,,PartnerC,405,96.72,20/04/25
TX00384,01/06/25 6:53,processing,success,,PartnerB,532,490.51,01/06/25
TX00385,16/04/25 6:23,processing,failure,,PartnerC,941,439.53,16/04/25
TX00386,13/06/25 1:33,initiation,success,,PartnerC,407,426.71,13/06/25
TX00387,04/07/25 8:11,processing,success,,PartnerC,322,130.19,04/07/25
TX00388,12/06/25 10:31,settled,delay,,PartnerA,1801,170.39,12/06/25
TX00389,10/06/25 7:59,processing,delay,network,PartnerC,1969,240.39,10/06/25
TX00390,10/05/25 17:29,processing,retry,timeout,PartnerA,1014,17.63,10/05/25
TX00391,15/06/25 20:24,processing,failure,network,PartnerB,831,412.7,15/06/25
TX00392,24/06/25 20:50,processing,failure,customer,PartnerA,672,310.71,24/06/25
TX00393,25/06/25 21:17,processing,retry,network,PartnerA,1410,122.82,25/06/25
TX00394,22/05/25 10:50,processing,retry,customer,PartnerA,863,456.86,22/05/25
TX00395,10/06/25 3:23,initiation,success,,PartnerA,501,380.18,10/06/25
TX00396,03/05/25 9:28,initiation,success,,PartnerC,556,246.98,03/05/25
TX00397,11/07/25 16:46,settled,success,,PartnerC,230,14.84,11/07/25
TX00398,10/06/25 6:54,processing,retry,network,PartnerA,922,197.16,10/06/25
TX00399,08/06/25 20:21,processing,failure,customer,PartnerA,1187,250.97,08/06/25
TX00400,14/05/25 5:59,processing,success,,PartnerB,529,223.79,14/05/25
TX00401,25/06/25 15:23,processing,delay,API,PartnerA,1712,317.03,25/06/25
TX00402,16/06/25 11:42,initiation,delay,timeout,PartnerC,1544,254.83,16/06/25
TX00403,24/04/25 23:50,processing,delay,network,PartnerC,1230,387.03,24/04/25
TX00404,30/05/25 16:12,settled,delay,timeout,PartnerB,1882,210.24,30/05/25
TX00405,21/04/25 16:45,processing,delay,network,PartnerC,1457,232.71,21/04/25
TX00406,02/05/25 12:55,processing,delay,API,PartnerC,1590,15.27,02/05/25
TX00407,24/04/25 10:12,initiation,success,,PartnerA,231,210.47,24/04/25
TX00408,08/07/25 10:49,processing,success,,PartnerA,573,49.27,08/07/25
TX00409,01/07/25 2:23,initiation,failure,network,PartnerA,1109,115.24,01/07/25
TX00410,19/06/25 19:20,initiation,success,,PartnerA,478,316.91,19/06/25
TX00411,23/05/25 19:18,initiation,success,,PartnerC,159,264.73,23/05/25
TX00412,02/06/25 12:41,settled,delay,network,PartnerC,1666,478.6,02/06/25
TX00413,14/07/25 4:52,processing,success,,PartnerB,320,309.22,14/07/25
TX00414,06/07/25 23:21,processing,retry,timeout,PartnerB,1041,174.48,06/07/25
TX00415,18/04/25 11:05,settled,success,,PartnerC,213,477.1,18/04/25
TX00416,28/04/25 2:58,initiation,delay,timeout,PartnerA,1776,253.14,28/04/25
TX00417,29/06/25 1:33,initiation,failure,API,PartnerA,817,362.14,29/06/25
TX00418,17/05/25 8:41,processing,failure,API,PartnerA,1167,455.74,17/05/25
TX00419,02/05/25 4:05,processing,failure,,PartnerB,945,96.51,02/05/25
TX00420,05/06/25 5:35,initiation,retry,timeout,PartnerC,1327,427.44,05/06/25
TX00421,07/05/25 7:20,initiation,retry,network,PartnerA,1425,130.8,07/05/25
TX00422,11/05/25 13:52,settled,retry,network,PartnerA,958,75.28,11/05/25
TX00423,10/05/25 2:57,settled,retry,,PartnerC,1004,143.32,10/05/25
TX00424,04/07/25 15:17,initiation,success,,PartnerB,387,249.62,04/07/25
TX00425,06/07/25 9:24,processing,failure,network,PartnerB,629,141.6,06/07/25
TX00426,03/07/25 14:32,initiation,delay,API,PartnerC,1847,350.09,03/07/25
TX00427,11/06/25 0:44,initiation,failure,timeout,PartnerB,651,487.84,11/06/25
TX00428,27/06/25 11:36,processing,success,,PartnerB,280,463.6,27/06/25
TX00429,03/06/25 10:51,processing,failure,API,PartnerC,831,449.71,03/06/25
TX00430,23/04/25 3:03,initiation,success,,PartnerB,597,444.34,23/04/25
TX00431,26/05/25 19:24,initiation,retry,,PartnerC,1390,71.02,26/05/25
TX00432,13/05/25 11:03,settled,success,,PartnerC,567,221.18,13/05/25
TX00433,06/05/25 4:29,settled,delay,API,PartnerC,1943,350.16,06/05/25
TX00434,27/04/25 21:32,processing,delay,network,PartnerB,1912,373.85,27/04/25
TX00435,09/07/25 14:04,settled,success,,PartnerC,454,114.13,09/07/25
TX00436,11/07/25 1:48,initiation,delay,,PartnerA,1290,235.68,11/07/25
TX00437,16/04/25 7:17,processing,failure,customer,PartnerC,760,366.1,16/04/25
TX00438,16/04/25 11:32,processing,failure,timeout,PartnerA,1130,15.34,16/04/25
TX00439,26/04/25 20:25,processing,delay,timeout,PartnerA,1525,332.65,26/04/25
TX00440,15/04/25 23:09,initiation,retry,API,PartnerA,1073,355.62,15/04/25
TX00441,18/06/25 22:34,settled,delay,,PartnerC,1697,169.15,18/06/25
TX00442,08/06/25 7:38,processing,failure,customer,PartnerC,966,141.17,08/06/25
TX00443,21/06/25 14:52,processing,retry,network,PartnerA,1308,229.36,21/06/25
TX00444,13/06/25 1:26,initiation,success,,PartnerA,253,436.62,13/06/25
TX00445,27/05/25 8:50,initiation,success,,PartnerA,331,430.7,27/05/25
TX00446,23/04/25 15:27,initiation,delay,customer,PartnerC,1400,360.38,23/04/25
TX00447,14/06/25 8:39,settled,retry,,PartnerB,1287,312.88,14/06/25
TX00448,09/06/25 22:41,processing,failure,customer,PartnerB,945,372.54,09/06/25
TX00449,06/07/25 20:05,processing,delay,customer,PartnerC,1498,16.1,06/07/25
TX00450,21/05/25 10:34,initiation,delay,customer,PartnerB,1527,40.46,21/05/25
TX00451,06/07/25 17:40,processing,failure,timeout,PartnerC,828,288.05,06/07/25
TX00452,13/06/25 18:51,processing,retry,customer,PartnerC,1186,172.53,13/06/25
TX00453,14/07/25 0:06,processing,success,,PartnerC,159,454.63,14/07/25
TX00454,02/05/25 21:29,settled,delay,timeout,PartnerB,1994,372.34,02/05/25
TX00455,13/05/25 8:00,processing,failure,timeout,PartnerA,660,489.88,13/05/25
TX00456,20/05/25 22:21,settled,success,,PartnerC,333,331.26,20/05/25
TX00457,24/05/25 17:17,initiation,failure,API,PartnerA,1007,199.85,24/05/25
TX00458,06/06/25 9:05,processing,retry,,PartnerC,1233,74.47,06/06/25
TX00459,28/04/25 12:06,initiation,retry,network,PartnerB,1462,334.95,28/04/25
TX00460,21/06/25 6:17,processing,failure,API,PartnerA,1090,353.43,21/06/25
TX00461,19/06/25 17:46,processing,success,,PartnerA,404,290.91,19/06/25
TX00462,08/07/25 7:47,initiation,retry,timeout,PartnerC,1034,149.53,08/07/25
TX00463,09/07/25 18:24,initiation,success,,PartnerA,333,67.68,09/07/25
TX00464,12/06/25 8:28,initiation,delay,,PartnerB,1842,70.64,12/06/25
TX00465,02/05/25 5:29,settled,success,,PartnerA,272,82.16,02/05/25
TX00466,09/06/25 17:46,processing,failure,timeout,PartnerB,844,441.72,09/06/25
TX00467,04/07/25 16:37,initiation,retry,,PartnerB,1036,41.2,04/07/25
TX00468,29/06/25 2:34,processing,failure,customer,PartnerA,999,173.35,29/06/25
TX00469,29/06/25 21:12,initiation,success,,PartnerB,106,30.55,29/06/25
TX00470,31/05/25 0:00,processing,retry,network,PartnerA,1108,442.93,31/05/25
TX00471,16/06/25 23:01,settled,success,,PartnerA,541,380.84,16/06/25
TX00472,09/05/25 10:50,initiation,failure,customer,PartnerC,982,104.32,09/05/25
TX00473,20/04/25 9:25,initiation,failure,API,PartnerA,662,92.01,20/04/25
TX00474,17/05/25 0:27,initiation,failure,timeout,PartnerA,1137,262.33,17/05/25
TX00475,14/07/25 4:58,processing,retry,network,PartnerA,1335,155.39,14/07/25
TX00476,06/07/25 17:05,processing,delay,API,PartnerB,1383,409.26,06/07/25
TX00477,17/06/25 6:08,processing,success,,PartnerA,442,163.73,17/06/25
TX00478,09/05/25 22:50,processing,failure,,PartnerB,753,264.1,09/05/25
TX00479,18/05/25 16:46,processing,success,,PartnerC,155,224.21,18/05/25
TX00480,24/06/25 0:56,processing,failure,network,PartnerC,666,439.71,24/06/25
TX00481,02/06/25 15:21,initiation,retry,customer,PartnerB,882,382.64,02/06/25
TX00482,22/04/25 11:23,initiation,success,,PartnerB,483,427.23,22/04/25
TX00483,30/05/25 3:14,processing,success,,PartnerC,444,11.29,30/05/25
TX00484,09/06/25 3:15,settled,success,,PartnerB,556,16.96,09/06/25
TX00485,18/04/25 6:22,processing,success,,PartnerA,108,440.7,18/04/25
TX00486,10/05/25 6:03,initiation,failure,API,PartnerC,662,355.28,10/05/25
TX00487,09/05/25 14:21,settled,success,,PartnerB,151,270.77,09/05/25
TX00488,25/04/25 22:30,initiation,retry,customer,PartnerC,1488,290.01,25/04/25
TX00489,05/06/25 19:05,initiation,success,,PartnerC,231,440.05,05/06/25
TX00490,30/05/25 12:07,initiation,retry,API,PartnerC,1068,127.31,30/05/25
TX00491,13/07/25 4:14,initiation,retry,API,PartnerA,1459,137.68,13/07/25
TX00492,15/06/25 17:40,settled,retry,network,PartnerC,994,439.29,15/06/25
TX00493,09/06/25 13:38,processing,retry,,PartnerC,979,68.52,09/06/25
TX00494,07/06/25 3:06,processing,failure,network,PartnerB,624,321.62,07/06/25
TX00495,18/05/25 2:28,processing,success,,PartnerB,459,54.62,18/05/25
TX00496,16/05/25 17:18,settled,delay,timeout,PartnerB,1920,113.57,16/05/25
TX00497,17/05/25 4:13,processing,retry,,PartnerC,809,180.74,17/05/25
TX00498,24/05/25 8:19,settled,retry,timeout,PartnerC,936,450.91,24/05/25
TX00499,22/06/25 18:47,initiation,retry,timeout,PartnerC,1434,246.57,22/06/25
TX00500,23/06/25 19:16,initiation,failure,customer,PartnerB,757,285.08,23/06/25
TX00501,09/05/25 8:35,initiation,success,,PartnerB,250,122.15,09/05/25
TX00502,30/05/25 21:41,processing,delay,customer,PartnerB,1785,412.89,30/05/25
TX00503,24/05/25 5:31,processing,retry,network,PartnerB,959,336.49,24/05/25
TX00504,18/06/25 1:56,processing,retry,API,PartnerB,1066,411.15,18/06/25
TX00505,16/06/25 11:04,processing,failure,customer,PartnerB,945,270.46,16/06/25
TX00506,15/06/25 0:53,initiation,failure,network,PartnerA,586,372.16,15/06/25
TX00507,31/05/25 2:39,processing,success,,PartnerC,127,74.91,31/05/25
TX00508,17/04/25 9:42,processing,failure,timeout,PartnerA,1030,235.51,17/04/25
TX00509,29/06/25 22:36,settled,retry,timeout,PartnerA,1246,61.22,29/06/25
TX00510,03/05/25 9:45,processing,success,,PartnerC,175,253.56,03/05/25
TX00511,21/04/25 23:01,settled,retry,network,PartnerC,1499,267.08,21/04/25
TX00512,03/07/25 12:27,processing,failure,API,PartnerC,740,355.77,03/07/25
TX00513,30/06/25 14:37,initiation,success,,PartnerA,505,184.09,30/06/25
TX00514,11/06/25 19:36,settled,success,,PartnerC,332,128.08,11/06/25
TX00515,09/05/25 13:11,processing,delay,timeout,PartnerC,1398,138.46,09/05/25
TX00516,08/07/25 10:02,initiation,failure,timeout,PartnerB,1011,447.43,08/07/25
TX00517,07/05/25 23:01,initiation,delay,API,PartnerC,1928,160.53,07/05/25
TX00518,28/04/25 19:24,initiation,failure,,PartnerA,1167,33.6,28/04/25
TX00519,15/05/25 15:17,processing,failure,customer,PartnerC,843,381.45,15/05/25
TX00520,17/06/25 9:08,settled,retry,network,PartnerB,901,25.29,17/06/25
TX00521,22/06/25 5:18,settled,success,,PartnerB,194,276.8,22/06/25
TX00522,17/06/25 14:30,processing,failure,network,PartnerC,567,394.46,17/06/25
TX00523,21/05/25 6:21,processing,failure,network,PartnerA,1042,440.99,21/05/25
TX00524,10/07/25 6:59,initiation,retry,,PartnerB,954,69.25,10/07/25
TX00525,19/06/25 18:06,initiation,failure,,PartnerA,660,155.67,19/06/25
TX00526,18/05/25 1:06,settled,retry,customer,PartnerC,1437,203.26,18/05/25
TX00527,08/06/25 13:33,processing,failure,,PartnerB,1176,473.06,08/06/25
TX00528,25/05/25 4:55,initiation,delay,API,PartnerA,1516,441.92,25/05/25
TX00529,22/06/25 7:16,processing,failure,timeout,PartnerA,596,14.88,22/06/25
TX00530,26/05/25 10:14,processing,delay,customer,PartnerB,1977,469.96,26/05/25
TX00531,26/04/25 23:44,initiation,retry,network,PartnerB,983,429.62,26/04/25
TX00532,06/07/25 16:18,processing,retry,network,PartnerA,1457,266.33,06/07/25
TX00533,29/06/25 1:47,settled,success,,PartnerB,314,252.07,29/06/25
TX00534,12/06/25 14:21,processing,failure,customer,PartnerA,755,41.44,12/06/25
TX00535,23/05/25 15:34,settled,delay,network,PartnerB,1588,160.49,23/05/25
TX00536,18/06/25 16:51,initiation,retry,,PartnerC,1105,38.03,18/06/25
TX00537,18/05/25 22:39,initiation,delay,timeout,PartnerB,1942,379.87,18/05/25
TX00538,23/05/25 16:42,settled,success,,PartnerA,312,326.74,23/05/25
TX00539,05/07/25 19:29,processing,retry,API,PartnerB,1390,474.2,05/07/25
TX00540,18/04/25 6:02,initiation,failure,network,PartnerC,1164,189.15,18/04/25
TX00541,23/04/25 21:15,processing,failure,customer,PartnerA,595,436.26,23/04/25
TX00542,10/07/25 17:34,settled,retry,API,PartnerB,1374,76.46,10/07/25
TX00543,22/04/25 2:10,processing,success,,PartnerA,250,180.35,22/04/25
TX00544,17/06/25 7:49,processing,retry,network,PartnerB,957,287.62,17/06/25
TX00545,23/04/25 10:53,initiation,failure,customer,PartnerA,690,132.85,23/04/25
TX00546,18/04/25 12:01,processing,retry,network,PartnerC,1474,311.26,18/04/25
TX00547,14/04/25 21:55,initiation,delay,API,PartnerA,1666,439.91,14/04/25
TX00548,15/04/25 6:14,processing,retry,timeout,PartnerC,1047,292.62,15/04/25
TX00549,25/04/25 15:27,processing,delay,timeout,PartnerB,1843,211.92,25/04/25
TX00550,17/06/25 5:45,processing,failure,network,PartnerA,1168,429.17,17/06/25
TX00551,14/05/25 14:02,processing,delay,network,PartnerC,1457,112.79,14/05/25
TX00552,12/06/25 11:41,processing,delay,API,PartnerA,1236,494.64,12/06/25
TX00553,27/05/25 13:09,initiation,retry,API,PartnerC,971,265.52,27/05/25
TX00554,09/06/25 0:02,processing,delay,,PartnerB,1745,259.83,09/06/25
TX00555,14/05/25 10:24,initiation,delay,customer,PartnerB,1859,318.46,14/05/25
TX00556,14/06/25 3:42,processing,retry,customer,PartnerA,862,368.19,14/06/25
TX00557,25/06/25 18:32,processing,failure,timeout,PartnerC,627,223.42,25/06/25
TX00558,05/06/25 17:51,settled,delay,API,PartnerB,1839,197.81,05/06/25
TX00559,05/06/25 22:42,settled,success,,PartnerB,497,17.72,05/06/25
TX00560,27/05/25 10:10,settled,success,,PartnerA,101,416.42,27/05/25
TX00561,28/06/25 2:11,processing,success,,PartnerA,324,84.93,28/06/25
TX00562,15/04/25 15:58,settled,retry,API,PartnerA,873,135.36,15/04/25
TX00563,03/07/25 1:58,processing,failure,API,PartnerA,622,52.85,03/07/25
TX00564,26/04/25 17:55,processing,failure,,PartnerC,1100,172.31,26/04/25
TX00565,19/04/25 19:48,processing,failure,timeout,PartnerB,580,43.01,19/04/25
TX00566,24/05/25 6:16,processing,retry,network,PartnerA,898,409.16,24/05/25
TX00567,07/05/25 18:04,processing,failure,API,PartnerC,967,224.5,07/05/25
TX00568,23/06/25 0:48,initiation,failure,,PartnerA,868,187.45,23/06/25
TX00569,13/07/25 17:35,processing,failure,timeout,PartnerC,958,373.33,13/07/25
TX00570,09/06/25 11:51,processing,failure,timeout,PartnerB,741,269.71,09/06/25
TX00571,21/04/25 22:23,settled,success,,PartnerB,188,483.69,21/04/25
TX00572,15/05/25 18:16,initiation,success,,PartnerC,293,84.37,15/05/25
TX00573,28/04/25 15:11,processing,success,,PartnerC,597,361.69,28/04/25
TX00574,30/04/25 3:43,initiation,delay,network,PartnerB,1412,135.28,30/04/25
TX00575,17/04/25 11:44,processing,failure,timeout,PartnerA,1176,425.29,17/04/25
TX00576,07/07/25 18:53,settled,success,,PartnerB,391,347.87,07/07/25
TX00577,26/06/25 5:46,settled,success,,PartnerA,399,437.85,26/06/25
TX00578,26/05/25 0:00,initiation,success,,PartnerA,400,284.09,26/05/25
TX00579,24/06/25 0:03,initiation,failure,API,PartnerB,870,457.3,24/06/25
TX00580,17/06/25 19:39,processing,retry,customer,PartnerB,1012,463.75,17/06/25
TX00581,02/07/25 10:05,processing,failure,,PartnerB,1060,353.43,02/07/25
TX00582,04/05/25 22:48,settled,retry,,PartnerB,1248,438.55,04/05/25
TX00583,10/06/25 21:31,processing,retry,timeout,PartnerC,1149,480.9,10/06/25
TX00584,24/04/25 22:24,processing,delay,API,PartnerB,1811,167.39,24/04/25
TX00585,12/06/25 18:53,processing,retry,API,PartnerA,946,180.69,12/06/25
TX00586,22/06/25 21:11,processing,retry,API,PartnerA,920,190.16,22/06/25
TX00587,28/05/25 21:35,initiation,success,,PartnerA,325,404.98,28/05/25
TX00588,16/05/25 0:42,settled,success,,PartnerC,422,384,16/05/25
TX00589,02/06/25 0:16,processing,delay,API,PartnerC,1699,231.2,02/06/25
TX00590,27/05/25 0:26,initiation,retry,timeout,PartnerB,854,459.98,27/05/25
TX00591,03/05/25 7:53,processing,failure,network,PartnerC,555,411.6,03/05/25
TX00592,22/05/25 16:17,processing,retry,customer,PartnerA,1000,449.76,22/05/25
TX00593,12/07/25 6:15,initiation,delay,,PartnerA,1844,497.3,12/07/25
TX00594,04/07/25 22:34,processing,failure,network,PartnerB,520,66.25,04/07/25
TX00595,12/06/25 14:28,processing,retry,network,PartnerA,1186,228.77,12/06/25
TX00596,20/06/25 23:42,initiation,success,,PartnerB,527,58.07,20/06/25
TX00597,12/07/25 4:15,processing,delay,timeout,PartnerC,1428,108.21,12/07/25
TX00598,23/06/25 21:24,initiation,failure,network,PartnerB,846,335.28,23/06/25
TX00599,04/07/25 3:57,initiation,success,,PartnerC,561,340.26,04/07/25
TX00600,16/06/25 18:15,initiation,success,,PartnerB,112,448.72,16/06/25
TX00601,26/06/25 5:50,processing,success,,PartnerA,439,395.31,26/06/25
TX00602,01/05/25 5:16,processing,success,,PartnerA,369,214.17,01/05/25
TX00603,17/06/25 17:11,initiation,delay,,PartnerC,1352,432.93,17/06/25
TX00604,04/06/25 4:00,initiation,failure,customer,PartnerC,1052,254.89,04/06/25
TX00605,05/05/25 10:17,initiation,failure,,PartnerA,1175,467.01,05/05/25
TX00606,19/04/25 15:45,settled,success,,PartnerA,323,123.77,19/04/25
TX00607,14/05/25 0:13,processing,failure,network,PartnerA,805,166.64,14/05/25
TX00608,02/07/25 6:28,initiation,delay,,PartnerC,1864,267.55,02/07/25
TX00609,16/04/25 22:25,processing,delay,,PartnerC,1974,11.52,16/04/25
TX00610,25/04/25 11:51,processing,failure,API,PartnerB,738,328.6,25/04/25
TX00611,15/04/25 11:40,initiation,delay,network,PartnerA,1394,220.15,15/04/25
TX00612,27/06/25 3:38,processing,failure,timeout,PartnerA,560,275.68,27/06/25
TX00613,19/06/25 2:21,processing,failure,network,PartnerC,1022,319.18,19/06/25
TX00614,29/05/25 10:04,settled,success,,PartnerA,488,460.23,29/05/25
TX00615,28/06/25 10:42,processing,failure,timeout,PartnerA,748,374.68,28/06/25
TX00616,13/06/25 11:31,initiation,retry,customer,PartnerA,1094,435.64,13/06/25
TX00617,09/07/25 11:51,settled,delay,network,PartnerA,1223,410.71,09/07/25
TX00618,09/05/25 8:38,processing,retry,API,PartnerC,1323,331.28,09/05/25
TX00619,21/05/25 5:13,settled,delay,API,PartnerB,1994,47.38,21/05/25
TX00620,25/04/25 10:34,processing,delay,customer,PartnerB,1684,390.73,25/04/25
TX00621,21/05/25 0:16,initiation,delay,customer,PartnerA,1808,285.75,21/05/25
TX00622,04/07/25 5:25,processing,success,,PartnerA,459,478.97,04/07/25
TX00623,15/04/25 8:32,settled,delay,,PartnerB,1949,306.45,15/04/25
TX00624,30/05/25 19:30,settled,retry,network,PartnerB,980,283.35,30/05/25
TX00625,03/07/25 23:47,initiation,retry,API,PartnerA,1065,240.3,03/07/25
TX00626,22/06/25 2:27,processing,delay,timeout,PartnerB,1655,212.41,22/06/25
TX00627,02/07/25 0:01,initiation,success,,PartnerA,169,316.99,02/07/25
TX00628,29/04/25 15:40,initiation,delay,timeout,PartnerC,1405,269.28,29/04/25
TX00629,27/05/25 20:06,settled,success,,PartnerA,313,100.58,27/05/25
TX00630,26/04/25 0:18,processing,failure,timeout,PartnerA,615,180.94,26/04/25
TX00631,02/05/25 4:49,initiation,failure,customer,PartnerA,554,383.69,02/05/25
TX00632,26/04/25 11:21,processing,failure,customer,PartnerB,537,481.52,26/04/25
TX00633,18/05/25 5:24,initiation,failure,API,PartnerB,736,154.54,18/05/25
TX00634,10/05/25 8:47,initiation,failure,customer,PartnerC,997,236.58,10/05/25
TX00635,07/05/25 5:48,initiation,delay,API,PartnerA,1256,90.85,07/05/25
TX00636,06/06/25 16:38,processing,delay,,PartnerB,1816,373.89,06/06/25
TX00637,05/05/25 10:32,processing,retry,timeout,PartnerA,1231,24.67,05/05/25
TX00638,16/05/25 4:07,processing,retry,,PartnerC,921,14.62,16/05/25
TX00639,11/06/25 17:48,initiation,success,,PartnerA,266,393.56,11/06/25
TX00640,29/05/25 21:00,initiation,success,,PartnerC,531,287.45,29/05/25
TX00641,15/04/25 17:22,initiation,failure,API,PartnerC,1043,423.61,15/04/25
TX00642,04/07/25 20:18,initiation,success,,PartnerB,121,68.53,04/07/25
TX00643,22/04/25 5:16,settled,success,,PartnerC,465,14.24,22/04/25
TX00644,23/05/25 1:36,settled,retry,API,PartnerC,1248,269.99,23/05/25
TX00645,03/06/25 12:41,initiation,retry,network,PartnerB,1472,220.69,03/06/25
TX00646,18/04/25 1:44,initiation,success,,PartnerA,264,470.7,18/04/25
TX00647,02/06/25 19:11,initiation,delay,,PartnerA,1380,358.72,02/06/25
TX00648,17/06/25 19:54,processing,failure,network,PartnerB,993,85.73,17/06/25
TX00649,02/06/25 22:00,processing,success,,PartnerC,130,354.3,02/06/25
TX00650,13/07/25 18:08,processing,retry,,PartnerC,1218,414.48,13/07/25
TX00651,30/06/25 19:28,settled,delay,customer,PartnerC,1956,414.09,30/06/25
TX00652,08/06/25 16:05,settled,success,,PartnerB,312,320.14,08/06/25
TX00653,04/07/25 13:10,processing,failure,,PartnerC,538,370.13,04/07/25
TX00654,10/07/25 18:02,settled,retry,network,PartnerC,896,275.12,10/07/25
TX00655,21/05/25 14:05,settled,retry,API,PartnerB,1145,425.93,21/05/25
TX00656,23/05/25 12:19,initiation,retry,customer,PartnerA,1348,226.43,23/05/25
TX00657,11/06/25 3:26,processing,failure,,PartnerB,860,476.62,11/06/25
TX00658,23/05/25 4:51,initiation,failure,API,PartnerC,1137,141.24,23/05/25
TX00659,27/04/25 6:19,processing,retry,customer,PartnerC,1056,387.32,27/04/25
TX00660,12/06/25 23:11,settled,retry,timeout,PartnerC,971,10.41,12/06/25
TX00661,23/05/25 4:36,settled,retry,,PartnerB,1113,130.33,23/05/25
TX00662,13/05/25 2:40,initiation,failure,API,PartnerC,656,246.18,13/05/25
TX00663,22/06/25 12:55,settled,success,,PartnerA,536,124.95,22/06/25
TX00664,26/06/25 10:22,processing,delay,customer,PartnerC,1706,446.11,26/06/25
TX00665,11/07/25 12:33,processing,retry,customer,PartnerA,1324,127.1,11/07/25
TX00666,23/06/25 9:22,settled,success,,PartnerB,548,415.12,23/06/25
TX00667,06/07/25 10:15,initiation,retry,customer,PartnerA,1188,236.22,06/07/25
TX00668,22/04/25 0:30,processing,failure,timeout,PartnerC,705,159.92,22/04/25
TX00669,12/05/25 22:09,initiation,success,,PartnerA,219,372.33,12/05/25
TX00670,06/06/25 1:21,initiation,retry,customer,PartnerB,826,415.16,06/06/25
TX00671,09/06/25 16:06,processing,failure,,PartnerA,789,99.02,09/06/25
TX00672,16/06/25 13:48,initiation,failure,API,PartnerC,626,206.92,16/06/25
TX00673,22/06/25 17:45,processing,failure,customer,PartnerB,596,287.88,22/06/25
TX00674,13/07/25 19:55,initiation,delay,API,PartnerC,1929,338.69,13/07/25
TX00675,04/06/25 3:27,processing,failure,API,PartnerC,1060,287.89,04/06/25
TX00676,09/07/25 17:46,processing,success,,PartnerC,380,466.15,09/07/25
TX00677,26/04/25 15:00,initiation,retry,network,PartnerC,980,433.54,26/04/25
TX00678,22/04/25 22:00,settled,success,,PartnerC,373,234.9,22/04/25
TX00679,08/07/25 4:56,processing,failure,customer,PartnerC,977,145.36,08/07/25
TX00680,21/05/25 12:08,initiation,failure,customer,PartnerA,600,37.79,21/05/25
TX00681,19/06/25 10:30,processing,failure,network,PartnerB,1135,185.61,19/06/25
TX00682,07/06/25 18:21,settled,retry,timeout,PartnerB,974,192.32,07/06/25
TX00683,28/04/25 21:56,processing,failure,timeout,PartnerA,979,213.71,28/04/25
TX00684,15/06/25 19:17,settled,success,,PartnerC,246,134.68,15/06/25
TX00685,29/06/25 0:35,initiation,success,,PartnerC,330,434.73,29/06/25
TX00686,09/07/25 10:21,settled,delay,customer,PartnerC,1433,114.13,09/07/25
TX00687,06/05/25 3:50,settled,success,,PartnerA,593,294.9,06/05/25
TX00688,27/05/25 4:12,processing,failure,timeout,PartnerA,1076,436.43,27/05/25
TX00689,15/06/25 8:25,settled,success,,PartnerB,198,116.62,15/06/25
TX00690,29/06/25 4:31,processing,delay,timeout,PartnerC,1631,226.06,29/06/25
TX00691,29/05/25 14:42,settled,retry,timeout,PartnerA,893,228.62,29/05/25
TX00692,26/06/25 11:21,initiation,success,,PartnerA,504,41.4,26/06/25
TX00693,18/06/25 0:21,processing,failure,timeout,PartnerB,748,103.45,18/06/25
TX00694,14/05/25 4:03,processing,success,,PartnerC,148,486.73,14/05/25
TX00695,28/04/25 8:06,initiation,failure,timeout,PartnerB,1109,55.15,28/04/25
TX00696,15/04/25 14:59,settled,retry,,PartnerC,975,144.06,15/04/25
TX00697,25/05/25 10:25,processing,failure,,PartnerC,1142,281.92,25/05/25
TX00698,09/05/25 9:16,initiation,retry,API,PartnerA,837,480.9,09/05/25
TX00699,18/06/25 15:40,initiation,retry,timeout,PartnerC,1474,123.88,18/06/25
TX00700,20/05/25 18:57,processing,success,,PartnerA,371,416.54,20/05/25
TX00701,11/05/25 7:43,initiation,delay,,PartnerA,1642,257.44,11/05/25
TX00702,18/05/25 22:22,settled,retry,,PartnerA,1216,108.95,18/05/25
TX00703,05/05/25 4:11,initiation,success,,PartnerA,374,139.66,05/05/25
TX00704,09/06/25 14:03,initiation,failure,API,PartnerC,1197,346.39,09/06/25
TX00705,04/06/25 12:04,initiation,success,,PartnerA,462,146.83,04/06/25
TX00706,17/06/25 0:14,initiation,success,,PartnerC,113,13.28,17/06/25
TX00707,10/07/25 1:55,settled,retry,,PartnerC,1088,452.05,10/07/25
TX00708,26/06/25 1:12,initiation,delay,network,PartnerB,1632,294.63,26/06/25
TX00709,29/04/25 7:30,processing,retry,customer,PartnerC,1486,316.49,29/04/25
TX00710,24/05/25 7:16,settled,retry,API,PartnerA,1393,323.97,24/05/25
TX00711,05/05/25 12:39,processing,failure,network,PartnerA,745,291.12,05/05/25
TX00712,05/06/25 5:09,settled,retry,,PartnerB,1022,56.84,05/06/25
TX00713,03/06/25 19:12,settled,delay,,PartnerA,1213,444.26,03/06/25
TX00714,28/04/25 4:53,processing,success,,PartnerA,450,177.55,28/04/25
TX00715,11/07/25 3:17,processing,failure,,PartnerA,834,447.05,11/07/25
TX00716,12/07/25 15:54,initiation,success,,PartnerA,437,53.72,12/07/25
TX00717,09/06/25 17:41,initiation,retry,timeout,PartnerA,990,317.61,09/06/25
TX00718,13/07/25 20:08,processing,failure,customer,PartnerA,1048,75.48,13/07/25
TX00719,13/05/25 10:47,processing,failure,,PartnerB,653,55.69,13/05/25
TX00720,25/04/25 23:45,settled,retry,API,PartnerB,915,495.56,25/04/25
TX00721,29/05/25 17:46,initiation,delay,customer,PartnerC,1543,13.03,29/05/25
TX00722,08/07/25 15:27,settled,success,,PartnerC,422,397.27,08/07/25
TX00723,13/07/25 14:57,settled,retry,timeout,PartnerA,817,412.49,13/07/25
TX00724,20/04/25 2:48,initiation,retry,customer,PartnerA,1338,273.89,20/04/25
TX00725,17/05/25 16:05,initiation,failure,network,PartnerA,969,119.53,17/05/25
TX00726,29/06/25 13:11,initiation,retry,API,PartnerA,1019,419.22,29/06/25
TX00727,16/05/25 8:49,initiation,success,,PartnerA,338,166.61,16/05/25
TX00728,04/05/25 20:50,processing,success,,PartnerB,255,431.9,04/05/25
TX00729,23/05/25 12:46,processing,failure,customer,PartnerB,1088,371.1,23/05/25
TX00730,30/06/25 3:22,initiation,retry,API,PartnerA,1024,322.16,30/06/25
TX00731,02/06/25 20:33,settled,retry,network,PartnerC,1044,86.13,02/06/25
TX00732,17/06/25 19:34,processing,delay,timeout,PartnerB,1317,84.65,17/06/25
TX00733,05/07/25 16:32,initiation,failure,network,PartnerB,1110,176.27,05/07/25
TX00734,07/06/25 11:20,settled,success,,PartnerA,417,241.28,07/06/25
TX00735,07/07/25 20:10,processing,success,,PartnerC,106,482.38,07/07/25
TX00736,26/06/25 11:57,initiation,failure,timeout,PartnerB,871,155.79,26/06/25
TX00737,26/06/25 22:46,processing,failure,network,PartnerA,780,457.53,26/06/25
TX00738,18/06/25 18:12,settled,success,,PartnerB,253,170.15,18/06/25
TX00739,02/05/25 5:22,settled,delay,API,PartnerA,1839,400.59,02/05/25
TX00740,03/06/25 6:38,initiation,retry,network,PartnerA,1002,476.36,03/06/25
TX00741,23/04/25 13:46,initiation,success,,PartnerA,233,67.93,23/04/25
TX00742,15/06/25 19:49,initiation,retry,network,PartnerB,1453,462.77,15/06/25
TX00743,01/07/25 8:19,settled,delay,timeout,PartnerC,1511,227.01,01/07/25
TX00744,30/06/25 9:53,settled,delay,API,PartnerC,1867,222.44,30/06/25
TX00745,02/06/25 11:01,processing,retry,,PartnerB,1123,134.11,02/06/25
TX00746,13/07/25 15:40,processing,retry,API,PartnerC,972,359.8,13/07/25
TX00747,24/06/25 8:51,processing,failure,API,PartnerA,1194,246.13,24/06/25
TX00748,01/07/25 21:56,settled,retry,,PartnerA,1047,126.49,01/07/25
TX00749,09/07/25 7:06,processing,retry,timeout,PartnerC,839,165.46,09/07/25
TX00750,05/05/25 21:13,processing,success,,PartnerB,443,61.7,05/05/25
TX00751,27/06/25 10:56,initiation,failure,customer,PartnerC,840,119.37,27/06/25
TX00752,23/06/25 8:17,initiation,success,,PartnerB,260,319.59,23/06/25
TX00753,11/05/25 2:15,processing,failure,,PartnerA,767,135.4,11/05/25
TX00754,26/04/25 1:06,initiation,success,,PartnerB,381,103.14,26/04/25
TX00755,29/06/25 16:27,settled,delay,timeout,PartnerA,1201,323.48,29/06/25
TX00756,27/05/25 13:56,processing,failure,,PartnerC,891,68.19,27/05/25
TX00757,30/06/25 14:24,initiation,delay,API,PartnerB,1349,132.56,30/06/25
TX00758,18/06/25 8:56,settled,retry,,PartnerC,1144,225.3,18/06/25
TX00759,13/07/25 13:29,initiation,failure,API,PartnerA,703,375.98,13/07/25
TX00760,13/07/25 23:18,settled,success,,PartnerB,587,221.52,13/07/25
TX00761,02/07/25 11:49,processing,failure,network,PartnerA,1193,290.21,02/07/25
TX00762,19/04/25 17:59,initiation,retry,customer,PartnerB,1425,169.6,19/04/25
TX00763,25/05/25 12:58,initiation,success,,PartnerA,232,217.13,25/05/25
TX00764,19/05/25 14:04,processing,success,,PartnerA,235,174.07,19/05/25
TX00765,03/06/25 23:00,initiation,retry,API,PartnerC,962,174.82,03/06/25
TX00766,11/07/25 18:28,settled,success,,PartnerC,573,470.02,11/07/25
TX00767,17/05/25 13:49,processing,delay,,PartnerA,1576,297.69,17/05/25
TX00768,30/05/25 3:08,initiation,failure,API,PartnerB,826,347.9,30/05/25
TX00769,19/06/25 12:16,processing,retry,customer,PartnerB,873,15.37,19/06/25
TX00770,07/06/25 5:05,processing,retry,,PartnerB,1284,361.85,07/06/25
TX00771,19/06/25 7:10,processing,failure,,PartnerC,911,179.73,19/06/25
TX00772,21/04/25 12:55,settled,delay,customer,PartnerA,1206,311.46,21/04/25
TX00773,05/06/25 9:02,initiation,failure,network,PartnerC,1068,91.62,05/06/25
TX00774,06/06/25 1:11,processing,failure,API,PartnerB,1173,306.67,06/06/25
TX00775,06/07/25 4:17,settled,success,,PartnerB,396,27.09,06/07/25
TX00776,19/05/25 22:30,settled,retry,customer,PartnerA,1177,72.07,19/05/25
TX00777,23/04/25 18:32,initiation,success,,PartnerB,353,288.77,23/04/25
TX00778,29/04/25 0:57,processing,success,,PartnerA,507,339.81,29/04/25
TX00779,18/04/25 1:03,processing,delay,API,PartnerB,1802,218.46,18/04/25
TX00780,12/05/25 19:20,processing,success,,PartnerB,287,70.72,12/05/25
TX00781,13/07/25 8:37,processing,retry,network,PartnerC,986,366.76,13/07/25
TX00782,19/04/25 3:16,processing,retry,API,PartnerB,1025,161.91,19/04/25
TX00783,07/05/25 10:14,initiation,failure,timeout,PartnerB,580,14.88,07/05/25
TX00784,03/05/25 3:17,settled,success,,PartnerB,190,415.14,03/05/25
TX00785,02/07/25 22:24,initiation,delay,API,PartnerB,1668,66.67,02/07/25
TX00786,26/05/25 15:26,initiation,success,,PartnerA,453,275.22,26/05/25
TX00787,10/06/25 21:46,processing,success,,PartnerB,193,302.32,10/06/25
TX00788,09/06/25 0:28,settled,delay,,PartnerC,1853,166.75,09/06/25
TX00789,14/04/25 21:21,initiation,success,,PartnerC,129,353.18,14/04/25
TX00790,03/06/25 11:43,processing,retry,network,PartnerC,1094,447.35,03/06/25
TX00791,19/06/25 6:15,settled,delay,customer,PartnerB,1697,45.8,19/06/25
TX00792,16/05/25 4:57,initiation,failure,API,PartnerC,839,255.7,16/05/25
TX00793,27/05/25 3:25,settled,retry,API,PartnerA,835,62.32,27/05/25
TX00794,17/04/25 20:12,processing,failure,timeout,PartnerC,655,392.87,17/04/25
TX00795,27/05/25 13:34,initiation,success,,PartnerC,357,429.91,27/05/25
TX00796,09/07/25 3:18,initiation,delay,timeout,PartnerC,1554,272.11,09/07/25
TX00797,18/04/25 1:45,processing,retry,,PartnerA,1311,163.01,18/04/25
TX00798,29/05/25 9:09,initiation,success,,PartnerC,323,24.59,29/05/25
TX00799,16/06/25 6:52,settled,delay,,PartnerB,1493,72.34,16/06/25
TX00800,27/05/25 0:40,processing,success,,PartnerA,503,384.07,27/05/25
TX00801,11/05/25 5:45,initiation,success,,PartnerB,114,240.73,11/05/25
TX00802,17/05/25 19:41,settled,delay,API,PartnerB,1297,367.14,17/05/25
TX00803,24/04/25 22:08,settled,retry,customer,PartnerC,1302,13.14,24/04/25
TX00804,06/07/25 4:21,settled,success,,PartnerA,421,450.33,06/07/25
TX00805,06/07/25 18:06,settled,delay,API,PartnerB,1443,307.36,06/07/25
TX00806,03/07/25 1:05,processing,delay,,PartnerA,1311,68.42,03/07/25
TX00807,24/06/25 8:52,initiation,retry,,PartnerB,1397,437.25,24/06/25
TX00808,06/07/25 10:04,processing,failure,timeout,PartnerA,524,420.98,06/07/25
TX00809,21/05/25 21:07,processing,retry,customer,PartnerC,1165,43.99,21/05/25
TX00810,24/06/25 0:42,settled,retry,network,PartnerC,1257,316.71,24/06/25
TX00811,30/05/25 9:39,processing,retry,timeout,PartnerC,822,219.44,30/05/25
TX00812,19/05/25 7:32,settled,success,,PartnerA,283,407.72,19/05/25
TX00813,22/06/25 23:05,settled,retry,customer,PartnerA,885,132.38,22/06/25
TX00814,11/06/25 18:03,initiation,success,,PartnerA,362,46.53,11/06/25
TX00815,02/06/25 15:27,settled,delay,timeout,PartnerC,1503,126.57,02/06/25
TX00816,15/06/25 13:14,processing,retry,,PartnerC,966,435.85,15/06/25
TX00817,09/05/25 13:30,processing,success,,PartnerC,218,361.28,09/05/25
TX00818,21/04/25 21:06,processing,failure,customer,PartnerB,748,424.3,21/04/25
TX00819,20/06/25 1:19,processing,delay,network,PartnerA,1613,403.45,20/06/25
TX00820,09/05/25 1:58,settled,delay,network,PartnerB,1644,161.91,09/05/25
TX00821,02/06/25 18:26,processing,retry,API,PartnerA,1141,110.15,02/06/25
TX00822,07/07/25 23:05,processing,delay,timeout,PartnerC,1368,299.57,07/07/25
TX00823,08/07/25 7:18,settled,delay,network,PartnerC,1247,62.45,08/07/25
TX00824,29/06/25 3:45,initiation,failure,customer,PartnerC,1047,10.63,29/06/25
TX00825,03/06/25 15:50,initiation,retry,customer,PartnerA,1303,130.14,03/06/25
TX00826,19/06/25 13:06,processing,failure,API,PartnerA,818,73.98,19/06/25
TX00827,04/06/25 5:02,settled,delay,timeout,PartnerC,1517,370.9,04/06/25
TX00828,31/05/25 12:34,settled,success,,PartnerB,583,174.4,31/05/25
TX00829,09/06/25 1:41,processing,retry,customer,PartnerA,901,85.12,09/06/25
TX00830,12/06/25 21:39,initiation,failure,timeout,PartnerB,1179,233.1,12/06/25
TX00831,12/07/25 4:09,settled,delay,network,PartnerB,1335,136.38,12/07/25
TX00832,22/05/25 4:50,processing,retry,network,PartnerC,1186,290.75,22/05/25
TX00833,02/06/25 19:12,initiation,success,,PartnerB,576,256.11,02/06/25
TX00834,04/05/25 4:37,initiation,failure,API,PartnerC,680,450.85,04/05/25
TX00835,17/05/25 20:30,settled,success,,PartnerC,265,236.09,17/05/25
TX00836,19/05/25 2:24,processing,failure,customer,PartnerB,1117,74.25,19/05/25
TX00837,02/07/25 19:27,settled,retry,,PartnerC,1410,57.62,02/07/25
TX00838,07/06/25 2:08,processing,retry,network,PartnerB,1139,405.47,07/06/25
TX00839,20/05/25 11:14,processing,delay,customer,PartnerA,1387,170.92,20/05/25
TX00840,25/05/25 8:47,initiation,success,,PartnerA,259,254.64,25/05/25
TX00841,14/05/25 2:23,settled,retry,customer,PartnerC,1422,447.29,14/05/25
TX00842,15/05/25 0:53,initiation,failure,network,PartnerB,997,187.52,15/05/25
TX00843,21/04/25 13:17,initiation,retry,network,PartnerB,904,236.79,21/04/25
TX00844,20/05/25 20:04,processing,failure,,PartnerB,590,301.53,20/05/25
TX00845,12/05/25 8:18,initiation,failure,network,PartnerB,709,301.18,12/05/25
TX00846,04/05/25 19:37,settled,retry,,PartnerA,1401,196.03,04/05/25
TX00847,13/07/25 2:10,processing,failure,customer,PartnerB,523,464.93,13/07/25
TX00848,31/05/25 8:10,processing,failure,API,PartnerA,665,383.67,31/05/25
TX00849,26/06/25 14:21,processing,failure,network,PartnerA,621,328.6,26/06/25
TX00850,03/06/25 9:33,settled,success,,PartnerC,463,294.31,03/06/25
TX00851,12/05/25 15:08,processing,success,,PartnerC,556,243.26,12/05/25
TX00852,10/05/25 20:49,initiation,delay,network,PartnerA,1421,180.33,10/05/25
TX00853,10/07/25 18:08,initiation,failure,timeout,PartnerC,1169,27.36,10/07/25
TX00854,07/07/25 9:31,initiation,delay,,PartnerC,1385,275.23,07/07/25
TX00855,03/07/25 11:57,initiation,retry,,PartnerB,1469,65.12,03/07/25
TX00856,14/07/25 15:42,initiation,failure,API,PartnerB,565,355.19,14/07/25
TX00857,25/05/25 14:01,initiation,retry,timeout,PartnerA,1417,405.46,25/05/25
TX00858,23/06/25 7:36,initiation,success,,PartnerB,590,127.2,23/06/25
TX00859,29/06/25 23:59,initiation,retry,timeout,PartnerA,961,466.53,29/06/25
TX00860,16/04/25 0:58,settled,delay,customer,PartnerA,1696,70.06,16/04/25
TX00861,24/05/25 6:00,processing,retry,customer,PartnerB,1003,29.84,24/05/25
TX00862,06/06/25 1:45,settled,delay,API,PartnerB,1426,123.14,06/06/25
TX00863,07/06/25 8:20,initiation,delay,customer,PartnerC,1797,203.31,07/06/25
TX00864,03/06/25 18:52,settled,success,,PartnerA,559,192.85,03/06/25
TX00865,19/06/25 22:06,processing,failure,network,PartnerA,1019,78.01,19/06/25
TX00866,13/06/25 3:55,settled,delay,customer,PartnerA,1747,494.12,13/06/25
TX00867,21/04/25 3:29,initiation,success,,PartnerA,523,412.02,21/04/25
TX00868,28/04/25 0:26,settled,delay,timeout,PartnerB,1457,67.74,28/04/25
TX00869,12/05/25 11:23,initiation,retry,customer,PartnerA,1298,268.74,12/05/25
TX00870,23/05/25 10:05,processing,failure,customer,PartnerB,909,368.16,23/05/25
TX00871,19/04/25 19:24,processing,delay,customer,PartnerA,1457,310.64,19/04/25
TX00872,25/04/25 10:23,initiation,delay,API,PartnerA,1310,76.76,25/04/25
TX00873,13/05/25 0:19,initiation,success,,PartnerA,121,200.51,13/05/25
TX00874,17/06/25 21:14,initiation,delay,timeout,PartnerA,1781,63.65,17/06/25
TX00875,02/05/25 8:04,settled,retry,customer,PartnerB,1025,472.77,02/05/25
TX00876,19/05/25 6:28,processing,failure,,PartnerA,1175,357.1,19/05/25
TX00877,29/05/25 5:01,processing,failure,customer,PartnerA,1044,141.66,29/05/25
TX00878,28/05/25 22:55,settled,delay,customer,PartnerA,2000,301.28,28/05/25
TX00879,20/04/25 20:37,processing,success,,PartnerA,477,79.44,20/04/25
TX00880,22/04/25 14:37,processing,success,,PartnerA,305,336.8,22/04/25
TX00881,14/07/25 14:46,settled,success,,PartnerB,362,344.13,14/07/25
TX00882,17/05/25 17:47,settled,retry,network,PartnerC,1041,199.48,17/05/25
TX00883,12/05/25 8:21,initiation,success,,PartnerB,464,498.46,12/05/25
TX00884,19/05/25 16:42,initiation,retry,network,PartnerB,1429,475.92,19/05/25
TX00885,26/06/25 19:19,initiation,success,,PartnerB,105,468.26,26/06/25
TX00886,19/06/25 19:09,initiation,delay,timeout,PartnerB,1478,276.12,19/06/25
TX00887,02/05/25 6:54,initiation,delay,customer,PartnerA,1254,349.85,02/05/25
TX00888,19/06/25 18:36,processing,failure,customer,PartnerB,716,429.11,19/06/25
TX00889,14/06/25 1:06,settled,retry,network,PartnerC,1010,242.76,14/06/25
TX00890,09/05/25 6:44,initiation,failure,timeout,PartnerC,1049,171.8,09/05/25
TX00891,11/07/25 2:11,initiation,success,,PartnerB,468,431.37,11/07/25
TX00892,01/07/25 7:10,initiation,success,,PartnerA,316,313.25,01/07/25
TX00893,10/06/25 6:12,processing,retry,API,PartnerB,986,13.63,10/06/25
TX00894,02/07/25 13:39,processing,success,,PartnerC,268,296.32,02/07/25
TX00895,13/05/25 10:21,initiation,failure,API,PartnerC,817,314.43,13/05/25
TX00896,11/06/25 0:53,initiation,retry,customer,PartnerB,933,29.39,11/06/25
TX00897,25/06/25 21:51,processing,delay,customer,PartnerC,1637,447.65,25/06/25
TX00898,16/06/25 6:14,settled,delay,API,PartnerA,1864,283.41,16/06/25
TX00899,07/07/25 7:49,settled,success,,PartnerC,504,233.27,07/07/25
TX00900,22/05/25 1:12,settled,delay,timeout,PartnerA,1332,127.17,22/05/25
TX00901,15/05/25 18:12,initiation,retry,customer,PartnerC,1344,385.94,15/05/25
TX00902,22/05/25 21:20,processing,retry,customer,PartnerC,1493,460.49,22/05/25
TX00903,23/04/25 9:50,initiation,success,,PartnerC,202,290.35,23/04/25
TX00904,27/05/25 11:23,initiation,success,,PartnerC,179,63.62,27/05/25
TX00905,19/04/25 23:49,processing,success,,PartnerC,575,199.89,19/04/25
TX00906,03/05/25 13:47,processing,failure,customer,PartnerA,503,313.98,03/05/25
TX00907,26/06/25 3:58,processing,retry,API,PartnerA,1402,49.76,26/06/25
TX00908,09/05/25 22:26,processing,failure,,PartnerB,788,348.03,09/05/25
TX00909,30/05/25 15:10,processing,retry,timeout,PartnerA,1306,47.59,30/05/25
TX00910,29/06/25 14:10,settled,delay,,PartnerB,1386,226.83,29/06/25
TX00911,03/06/25 15:05,processing,retry,,PartnerB,1179,233.8,03/06/25
TX00912,19/04/25 1:19,initiation,retry,,PartnerC,1139,250.51,19/04/25
TX00913,12/06/25 18:48,processing,delay,timeout,PartnerB,1301,402.79,12/06/25
TX00914,12/05/25 5:19,processing,retry,,PartnerB,1138,349.45,12/05/25
TX00915,26/05/25 4:52,processing,delay,customer,PartnerA,1290,348.58,26/05/25
TX00916,14/07/25 19:56,settled,delay,network,PartnerB,1482,446.69,14/07/25
TX00917,13/05/25 20:38,settled,delay,API,PartnerB,1306,114.94,13/05/25
TX00918,13/06/25 2:45,settled,success,,PartnerC,340,181.89,13/06/25
TX00919,20/06/25 10:29,processing,delay,timeout,PartnerB,1557,176.67,20/06/25
TX00920,19/05/25 10:49,settled,success,,PartnerC,468,355.33,19/05/25
TX00921,30/04/25 21:55,processing,retry,network,PartnerB,985,432.85,30/04/25
TX00922,10/06/25 13:40,processing,delay,timeout,PartnerA,1655,245.81,10/06/25
TX00923,15/05/25 10:02,settled,delay,,PartnerB,1478,68.25,15/05/25
TX00924,08/05/25 6:58,settled,success,,PartnerC,392,213.38,08/05/25
TX00925,13/05/25 15:47,settled,delay,API,PartnerA,1608,65.48,13/05/25
TX00926,05/05/25 1:07,processing,retry,network,PartnerC,918,205.52,05/05/25
TX00927,03/06/25 6:01,settled,success,,PartnerC,193,98.72,03/06/25
TX00928,24/06/25 6:46,settled,success,,PartnerC,313,381.45,24/06/25
TX00929,13/07/25 12:35,settled,success,,PartnerA,282,365.15,13/07/25
TX00930,16/06/25 15:44,processing,success,,PartnerA,462,158.37,16/06/25
TX00931,15/05/25 15:47,processing,failure,timeout,PartnerB,823,216.5,15/05/25
TX00932,23/05/25 0:01,settled,success,,PartnerB,548,346.7,23/05/25
TX00933,20/05/25 5:14,processing,failure,timeout,PartnerC,890,136.4,20/05/25
TX00934,05/06/25 2:43,initiation,delay,customer,PartnerC,1361,487.57,05/06/25
TX00935,11/06/25 6:03,initiation,delay,,PartnerA,1913,137.2,11/06/25
TX00936,25/06/25 12:37,processing,retry,network,PartnerA,1268,122.35,25/06/25
TX00937,22/06/25 16:21,initiation,retry,API,PartnerC,1183,62.63,22/06/25
TX00938,29/06/25 14:22,settled,delay,API,PartnerC,1760,334.87,29/06/25
TX00939,13/05/25 0:29,processing,failure,customer,PartnerC,550,55.1,13/05/25
TX00940,18/04/25 16:36,initiation,failure,network,PartnerA,509,295.16,18/04/25
TX00941,22/06/25 1:14,processing,delay,customer,PartnerB,1946,75.67,22/06/25
TX00942,24/06/25 4:49,initiation,delay,,PartnerA,1252,123.98,24/06/25
TX00943,12/05/25 12:42,processing,failure,,PartnerC,931,439.23,12/05/25
TX00944,30/06/25 18:20,initiation,success,,PartnerB,572,435.39,30/06/25
TX00945,26/04/25 7:06,processing,delay,customer,PartnerA,1202,286.69,26/04/25
TX00946,29/05/25 12:08,settled,delay,network,PartnerA,1465,439.05,29/05/25
TX00947,05/07/25 12:00,settled,delay,API,PartnerA,1393,351.92,05/07/25
TX00948,14/07/25 12:02,initiation,retry,customer,PartnerB,805,407.79,14/07/25
TX00949,20/06/25 7:38,processing,success,,PartnerB,265,70.85,20/06/25
TX00950,25/06/25 16:04,processing,failure,network,PartnerA,1165,293.01,25/06/25
TX00951,07/07/25 13:09,initiation,delay,network,PartnerC,1879,200.29,07/07/25
TX00952,22/05/25 15:11,initiation,retry,timeout,PartnerC,1053,96.66,22/05/25
TX00953,21/05/25 15:30,processing,success,,PartnerC,256,71.68,21/05/25
TX00954,12/06/25 11:26,settled,success,,PartnerA,599,402.16,12/06/25
TX00955,20/04/25 19:55,initiation,delay,network,PartnerC,1224,203.72,20/04/25
TX00956,21/04/25 20:41,processing,failure,,PartnerC,551,498.76,21/04/25
TX00957,11/05/25 12:06,settled,retry,API,PartnerC,1175,224.86,11/05/25
TX00958,07/07/25 9:18,processing,failure,,PartnerA,944,67.24,07/07/25
TX00959,22/05/25 18:49,processing,retry,API,PartnerB,1486,201.59,22/05/25
TX00960,07/05/25 4:48,initiation,delay,API,PartnerC,1737,152.79,07/05/25
TX00961,03/06/25 1:38,processing,failure,network,PartnerB,767,384.83,03/06/25
TX00962,23/05/25 13:03,processing,success,,PartnerB,316,428.64,23/05/25
TX00963,02/05/25 3:33,settled,delay,,PartnerC,1297,352,02/05/25
TX00964,02/06/25 23:22,processing,failure,,PartnerB,668,41.96,02/06/25
TX00965,12/05/25 4:37,processing,failure,API,PartnerB,1040,177.7,12/05/25
TX00966,18/05/25 16:37,initiation,success,,PartnerC,267,257.73,18/05/25
TX00967,04/07/25 5:22,processing,failure,customer,PartnerA,1165,176.17,04/07/25
TX00968,27/06/25 15:22,initiation,retry,timeout,PartnerA,1423,196.35,27/06/25
TX00969,01/07/25 17:06,processing,retry,,PartnerB,1197,405.87,01/07/25
TX00970,10/05/25 4:21,processing,failure,,PartnerB,985,44.88,10/05/25
TX00971,24/04/25 16:58,processing,retry,API,PartnerB,1261,36.29,24/04/25
TX00972,09/06/25 9:01,settled,retry,customer,PartnerC,1477,308.66,09/06/25
TX00973,18/04/25 7:11,processing,retry,timeout,PartnerA,1044,157.67,18/04/25
TX00974,15/06/25 16:40,processing,failure,,PartnerA,1200,61.9,15/06/25
TX00975,25/04/25 6:51,settled,retry,network,PartnerB,1120,197.52,25/04/25
TX00976,25/06/25 2:29,processing,success,,PartnerC,281,124.73,25/06/25
TX00977,02/07/25 11:22,processing,failure,timeout,PartnerB,1078,37.76,02/07/25
TX00978,28/06/25 8:24,initiation,retry,customer,PartnerA,1062,30.04,28/06/25
TX00979,24/06/25 1:43,processing,success,,PartnerC,208,121.26,24/06/25
TX00980,10/07/25 23:32,processing,failure,,PartnerA,522,89.64,10/07/25
TX00981,23/04/25 20:05,settled,success,,PartnerC,185,470.53,23/04/25
TX00982,27/05/25 20:42,initiation,success,,PartnerA,114,256.8,27/05/25
TX00983,25/06/25 17:05,initiation,failure,API,PartnerB,613,94.99,25/06/25
TX00984,30/04/25 16:43,settled,success,,PartnerB,254,247.68,30/04/25
TX00985,07/07/25 17:03,processing,failure,customer,PartnerB,890,314.06,07/07/25
TX00986,26/04/25 15:29,processing,delay,network,PartnerA,1730,306.03,26/04/25
TX00987,17/06/25 8:14,processing,retry,API,PartnerC,1399,337.32,17/06/25
TX00988,23/04/25 5:42,initiation,failure,timeout,PartnerC,524,90.95,23/04/25
TX00989,11/07/25 1:03,initiation,delay,network,PartnerB,1954,493.16,11/07/25
TX00990,29/05/25 2:44,settled,retry,API,PartnerB,1165,331.46,29/05/25
TX00991,19/04/25 16:04,processing,failure,,PartnerC,886,115.26,19/04/25
TX00992,27/04/25 19:13,initiation,success,,PartnerC,333,216.73,27/04/25
TX00993,23/06/25 9:26,initiation,delay,network,PartnerC,1892,118.25,23/06/25
TX00994,22/06/25 7:56,processing,retry,,PartnerC,1156,260.14,22/06/25
TX00995,07/05/25 7:41,settled,delay,timeout,PartnerA,1588,191.65,07/05/25
TX00996,11/07/25 5:30,processing,failure,customer,PartnerA,555,328.33,11/07/25
TX00997,21/06/25 21:23,initiation,success,,PartnerA,463,36.31,21/06/25
TX00998,26/05/25 2:16,settled,retry,API,PartnerA,1024,142.87,26/05/25
TX00999,17/06/25 7:50,initiation,failure,network,PartnerA,728,459.36,17/06/25
TX01000,06/05/25 9:50,initiation,success,,PartnerC,463,170.9,06/05/25
TX00001,15/07/25 15:47,settled,delay,,PartnerA,1551,328.21,15/07/25
TX00001,15/07/25 12:12,processing,success,,PartnerB,412,60.65,15/07/25
TX00001,15/07/25 9:44,processing,delay,customer,PartnerC,1420,268.04,15/07/25
TX00001,15/07/25 10:26,processing,delay,network,PartnerA,1469,239.3,15/07/25
TX00001,15/07/25 8:27,initiation,retry,customer,PartnerC,1121,13.69,15/07/25
TX00001,15/07/25 17:35,processing,success,,PartnerB,326,477.66,15/07/25
TX00001,14/07/25 22:15,processing,retry,timeout,PartnerB,1183,125.77,14/07/25
TX00001,15/07/25 7:52,settled,success,,PartnerB,511,199.92,15/07/25
TX00001,15/07/25 14:21,settled,delay,timeout,PartnerB,1289,421.81,15/07/25
TX00001,15/07/25 6:52,initiation,retry,network,PartnerB,1439,334.91,15/07/25
TX00001,14/07/25 20:34,processing,delay,customer,PartnerC,1813,254.71,14/07/25
TX00001,15/07/25 17:54,processing,delay,API,PartnerA,1888,269.13,15/07/25
TX00001,14/07/25 21:31,settled,success,,PartnerB,455,305.04,14/07/25
TX00001,15/07/25 12:40,initiation,failure,customer,PartnerC,1114,121.41,15/07/25
TX00001,15/07/25 18:19,settled,success,,PartnerC,322,254.87,15/07/25
TX00001,15/07/25 10:10,settled,success,,PartnerC,476,276.45,15/07/25
TX00001,15/07/25 16:50,processing,retry,customer,PartnerB,1175,79.52,15/07/25
TX00001,14/07/25 20:17,initiation,delay,timeout,PartnerC,1222,464.6,14/07/25
TX00001,14/07/25 23:39,initiation,success,,PartnerC,540,135.5,14/07/25
TX00001,15/07/25 12:45,processing,retry,API,PartnerC,855,39.46,15/07/25
TX00001,15/07/25 13:07,processing,retry,customer,PartnerB,1119,231.95,15/07/25
TX00001,15/07/25 9:10,processing,retry,customer,PartnerC,850,276.2,15/07/25
TX00001,15/07/25 14:09,initiation,failure,customer,PartnerA,858,251.59,15/07/25
TX00001,14/07/25 19:04,initiation,failure,API,PartnerA,1105,244.46,14/07/25
TX00001,15/07/25 5:48,processing,failure,customer,PartnerC,838,492.99,15/07/25
TX00001,15/07/25 11:20,processing,success,,PartnerC,269,499.69,15/07/25
TX00001,15/07/25 10:02,processing,delay,,PartnerB,1996,339.04,15/07/25